Workbook

Sheet 统计分析
B2: 概况 | C2: 成绩 | D2: =SUM('1号洞'!C81,'2号洞'!C81,'3号洞'!C81,'4号洞'!C81,'5号洞'!C81,'6号洞'!C81,'7号洞'!C81,'8号洞'!C81,'9号洞'!C81,'10号洞'!C81,'11号洞'!C81,'12号洞'!C81,'13号洞'!C81,'14号洞'!C81,'15号洞'!C81,'16号洞'!C81,'17号洞'!C81,'18号洞'!C81) -> 81 | F2: 开球 | G2: 开球球道 | H2: {=IFERROR(SUM('1号洞'!E90+0,'2号洞'!E90+0,'3号洞'!E90+0,'4号洞'!E90+0,'5号洞'!E90+0,'6号洞'!E90+0,'7号洞'!E90+0,'8号洞'!E90+0,'9号洞'!E90+0,'10号洞'!E90+0,'11号洞'!E90+0,'12号洞'!E90+0,'13号洞'!E90+0,'14号洞'!E90+0,'15号洞'!E90+0,'16号洞'!E90+0,'17号洞'!E90+0,'18号洞'!E90+0)/SUM('1号洞'!F90,'2号洞'!F90,'3号洞'!F90,'4号洞'!F90,'5号洞'!F90,'6号洞'!F90,'7号洞'!F90,'8号洞'!F90,'9号洞'!F90,'10号洞'!F90,'11号洞'!F90,'12号洞'!F90,'13号洞'!F90,'14号洞'!F90,'15号洞'!F90,'16号洞'!F90,'17号洞'!F90,'18号洞'!F90),“-”)} -> 0.92857143 | J2: 铁杆 | K2: 50-75上果岭率 | L2: {=IFERROR(SUM('1号洞'!D125,'2号洞'!D125,'3号洞'!D125,'4号洞'!D125,'5号洞'!D125,'6号洞'!D125,'7号洞'!D125,'8号洞'!D125,'9号洞'!D125,'10号洞'!D125,'11号洞'!D125,'12号洞'!D125,'13号洞'!D125,'14号洞'!D125,'15号洞'!D125,'16号洞'!D125,'17号洞'!D125,'18号洞'!D125)/SUM('1号洞'!C125,'2号洞'!C125,'3号洞'!C125,'4号洞'!C125,'5号洞'!C125,'6号洞'!C125,'7号洞'!C125,'8号洞'!C125,'9号洞'!C125,'10号洞'!C125,'11号洞'!C125,'12号洞'!C125,'13号洞'!C125,'14号洞'!C125,'15号洞'!C125,'16号洞'!C125,'17号洞'!C125,'18号洞'!C125),“-”)} -> 0.5 | O2: 切杆 | P2: 0-10yd救球成功率 | Q2: =IFERROR(SUM('1号洞'!E118,'2号洞'!E118,'3号洞'!E118,'4号洞'!E118,'5号洞'!E118,'6号洞'!E118,'7号洞'!E118,'8号洞'!E118,'9号洞'!E118,'10号洞'!E118,'11号洞'!E118,'12号洞'!E118,'13号洞'!E118,'14号洞'!E118,'15号洞'!E118,'16号洞'!E118,'17号洞'!E118,'18号洞'!E118)/SUM('1号洞'!D118,'2号洞'!D118,'3号洞'!D118,'4号洞'!D118,'5号洞'!D118,'6号洞'!D118,'7号洞'!D118,'8号洞'!D118,'9号洞'!D118,'10号洞'!D118,'11号洞'!D118,'12号洞'!D118,'13号洞'!D118,'14号洞'!D118,'15号洞'!D118,'16号洞'!D118,'17号洞'!D118,'18号洞'!D118),"-") -> 1 | T2: 推杆 | U2: 一推率 | V2: =SUM('1号洞'!F86,'2号洞'!F86,'3号洞'!F86,'4号洞'!F86,'5号洞'!F86,'6号洞'!F86,'7号洞'!F86,'8号洞'!F86,'9号洞'!F86,'10号洞'!F86,'11号洞'!F86,'12号洞'!F86,'13号洞'!F86,'14号洞'!F86,'15号洞'!F86,'16号洞'!F86,'17号洞'!F86,'18号洞'!F86)/18 -> 0.22222222
C3: 推杆 | D3: =SUM('1号洞'!C86,'2号洞'!C86,'3号洞'!C86,'4号洞'!C86,'5号洞'!C86,'6号洞'!C86,'7号洞'!C86,'8号洞'!C86,'9号洞'!C86,'10号洞'!C86,'11号洞'!C86,'12号洞'!C86,'13号洞'!C86,'14号洞'!C86,'15号洞'!C86,'16号洞'!C86,'17号洞'!C86,'18号洞'!C86) -> 33 | G3: 开球长草 | H3: {=IFERROR(SUM('1号洞'!H90,'2号洞'!H90,'3号洞'!H90,'4号洞'!H90,'5号洞'!H90,'6号洞'!H90,'7号洞'!H90,'8号洞'!H90,'9号洞'!H90,'10号洞'!H90,'11号洞'!H90,'12号洞'!H90,'13号洞'!H90,'14号洞'!H90,'15号洞'!H90,'16号洞'!H90,'17号洞'!H90,'18号洞'!H90)/SUM('1号洞'!F90,'2号洞'!F90,'3号洞'!F90,'4号洞'!F90,'5号洞'!F90,'6号洞'!F90,'7号洞'!F90,'8号洞'!F90,'9号洞'!F90,'10号洞'!F90,'11号洞'!F90,'12号洞'!F90,'13号洞'!F90,'14号洞'!F90,'15号洞'!F90,'16号洞'!F90,'17号洞'!F90,'18号洞'!F90),“-”)} -> 0 | K3: 75-100上果岭率 | L3: {=IFERROR(SUM('1号洞'!D126,'2号洞'!D126,'3号洞'!D126,'4号洞'!D126,'5号洞'!D126,'6号洞'!D126,'7号洞'!D126,'8号洞'!D126,'9号洞'!D126,'10号洞'!D126,'11号洞'!D126,'12号洞'!D126,'13号洞'!D126,'14号洞'!D126,'15号洞'!D126,'16号洞'!D126,'17号洞'!D126,'18号洞'!D126)/SUM('1号洞'!C126,'2号洞'!C126,'3号洞'!C126,'4号洞'!C126,'5号洞'!C126,'6号洞'!C126,'7号洞'!C126,'8号洞'!C126,'9号洞'!C126,'10号洞'!C126,'11号洞'!C126,'12号洞'!C126,'13号洞'!C126,'14号洞'!C126,'15号洞'!C126,'16号洞'!C126,'17号洞'!C126,'18号洞'!C126),“-”)} -> 1 | P3: 10-20yd救球成功率 | Q3: =IFERROR(SUM('1号洞'!E119,'2号洞'!E119,'3号洞'!E119,'4号洞'!E119,'5号洞'!E119,'6号洞'!E119,'7号洞'!E119,'8号洞'!E119,'9号洞'!E119,'10号洞'!E119,'11号洞'!E119,'12号洞'!E119,'13号洞'!E119,'14号洞'!E119,'15号洞'!E119,'16号洞'!E119,'17号洞'!E119,'18号洞'!E119)/SUM('1号洞'!D119,'2号洞'!D119,'3号洞'!D119,'4号洞'!D119,'5号洞'!D119,'6号洞'!D119,'7号洞'!D119,'8号洞'!D119,'9号洞'!D119,'10号洞'!D119,'11号洞'!D119,'12号洞'!D119,'13号洞'!D119,'14号洞'!D119,'15号洞'!D119,'16号洞'!D119,'17号洞'!D119,'18号洞'!D119),"-") -> 0 | U3: 三推数 | V3: =SUM('1号洞'!H86,'2号洞'!H86,'3号洞'!H86,'4号洞'!H86,'5号洞'!H86,'6号洞'!H86,'7号洞'!H86,'8号洞'!H86,'9号洞'!H86,'10号洞'!H86,'11号洞'!H86,'12号洞'!H86,'13号洞'!H86,'14号洞'!H86,'15号洞'!H86,'16号洞'!H86,'17号洞'!H86,'18号洞'!H86) -> 1
C4: 罚杆 | D4: =SUM('1号洞'!C83,'2号洞'!C83,'3号洞'!C83,'4号洞'!C83,'5号洞'!C83,'6号洞'!C83,'7号洞'!C83,'8号洞'!C83,'9号洞'!C83,'10号洞'!C83,'11号洞'!C83,'12号洞'!C83,'13号洞'!C83,'14号洞'!C83,'15号洞'!C83,'16号洞'!C83,'17号洞'!C83,'18号洞'!C83) -> 0 | G4: 开球沙坑 | H4: {=IFERROR(SUM('1号洞'!I90,'2号洞'!I90,'3号洞'!I90,'4号洞'!I90,'5号洞'!I90,'6号洞'!I90,'7号洞'!I90,'8号洞'!I90,'9号洞'!I90,'10号洞'!I90,'11号洞'!I90,'12号洞'!I90,'13号洞'!I90,'14号洞'!I90,'15号洞'!I90,'16号洞'!I90,'17号洞'!I90,'18号洞'!I90)/SUM('1号洞'!F90,'2号洞'!F90,'3号洞'!F90,'4号洞'!F90,'5号洞'!F90,'6号洞'!F90,'7号洞'!F90,'8号洞'!F90,'9号洞'!F90,'10号洞'!F90,'11号洞'!F90,'12号洞'!F90,'13号洞'!F90,'14号洞'!F90,'15号洞'!F90,'16号洞'!F90,'17号洞'!F90,'18号洞'!F90),“-”)} -> 0.071428571 | K4: 100-125上果岭率 | L4: {=IFERROR(SUM('1号洞'!D127,'2号洞'!D127,'3号洞'!D127,'4号洞'!D127,'5号洞'!D127,'6号洞'!D127,'7号洞'!D127,'8号洞'!D127,'9号洞'!D127,'10号洞'!D127,'11号洞'!D127,'12号洞'!D127,'13号洞'!D127,'14号洞'!D127,'15号洞'!D127,'16号洞'!D127,'17号洞'!D127,'18号洞'!D127)/SUM('1号洞'!C127,'2号洞'!C127,'3号洞'!C127,'4号洞'!C127,'5号洞'!C127,'6号洞'!C127,'7号洞'!C127,'8号洞'!C127,'9号洞'!C127,'10号洞'!C127,'11号洞'!C127,'12号洞'!C127,'13号洞'!C127,'14号洞'!C127,'15号洞'!C127,'16号洞'!C127,'17号洞'!C127,'18号洞'!C127),“-”)} -> 0.2 | P4: 20-30yd救球成功率 | Q4: =IFERROR(SUM('1号洞'!E120,'2号洞'!E120,'3号洞'!E120,'4号洞'!E120,'5号洞'!E120,'6号洞'!E120,'7号洞'!E120,'8号洞'!E120,'9号洞'!E120,'10号洞'!E120,'11号洞'!E120,'12号洞'!E120,'13号洞'!E120,'14号洞'!E120,'15号洞'!E120,'16号洞'!E120,'17号洞'!E120,'18号洞'!E120)/SUM('1号洞'!D120,'2号洞'!D120,'3号洞'!D120,'4号洞'!D120,'5号洞'!D120,'6号洞'!D120,'7号洞'!D120,'8号洞'!D120,'9号洞'!D120,'10号洞'!D120,'11号洞'!D120,'12号洞'!D120,'13号洞'!D120,'14号洞'!D120,'15号洞'!D120,'16号洞'!D120,'17号洞'!D120,'18号洞'!D120),"-") -> 0 | U4: 0-3推进概率 | V4: =IFERROR(SUM('1号洞'!D93,'2号洞'!D93,'3号洞'!D93,'4号洞'!D93,'5号洞'!D93,'6号洞'!D93,'7号洞'!D93,'8号洞'!D93,'9号洞'!D93,'10号洞'!D93,'11号洞'!D93,'12号洞'!D93,'13号洞'!D93,'14号洞'!D93,'15号洞'!D93,'16号洞'!D93,'17号洞'!D93,'18号洞'!D93)/SUM('1号洞'!C93,'2号洞'!C93,'3号洞'!C93,'4号洞'!C93,'5号洞'!C93,'6号洞'!C93,'7号洞'!C93,'8号洞'!C93,'9号洞'!C93,'10号洞'!C93,'11号洞'!C93,'12号洞'!C93,'13号洞'!C93,'14号洞'!C93,'15号洞'!C93,'16号洞'!C93,'17号洞'!C93,'18号洞'!C93),"-") -> 1
C5: 标杆上果岭率 | D5: =SUM('1号洞'!C87+0,'2号洞'!C87+0,'3号洞'!C87+0,'4号洞'!C87+0,'5号洞'!C87+0,'6号洞'!C87+0,'7号洞'!C87+0,'8号洞'!C87+0,'9号洞'!C87+0,'10号洞'!C87+0,'11号洞'!C87+0,'12号洞'!C87+0,'13号洞'!C87+0,'14号洞'!C87+0,'15号洞'!C87+0,'16号洞'!C87+0,'17号洞'!C87+0,'18号洞'!C87+0)/18 -> 0.33333333 | G5: 开球直球 | H5: {=IFERROR(SUM('1号洞'!J90,'2号洞'!J90,'3号洞'!J90,'4号洞'!J90,'5号洞'!J90,'6号洞'!J90,'7号洞'!J90,'8号洞'!J90,'9号洞'!J90,'10号洞'!J90,'11号洞'!J90,'12号洞'!J90,'13号洞'!J90,'14号洞'!J90,'15号洞'!J90,'16号洞'!J90,'17号洞'!J90,'18号洞'!J90)/SUM('1号洞'!F90,'2号洞'!F90,'3号洞'!F90,'4号洞'!F90,'5号洞'!F90,'6号洞'!F90,'7号洞'!F90,'8号洞'!F90,'9号洞'!F90,'10号洞'!F90,'11号洞'!F90,'12号洞'!F90,'13号洞'!F90,'14号洞'!F90,'15号洞'!F90,'16号洞'!F90,'17号洞'!F90,'18号洞'!F90),“-”)} -> 0.71428571 | K5: 125-150上果岭率 | L5: {=IFERROR(SUM('1号洞'!D128,'2号洞'!D128,'3号洞'!D128,'4号洞'!D128,'5号洞'!D128,'6号洞'!D128,'7号洞'!D128,'8号洞'!D128,'9号洞'!D128,'10号洞'!D128,'11号洞'!D128,'12号洞'!D128,'13号洞'!D128,'14号洞'!D128,'15号洞'!D128,'16号洞'!D128,'17号洞'!D128,'18号洞'!D128)/SUM('1号洞'!C128,'2号洞'!C128,'3号洞'!C128,'4号洞'!C128,'5号洞'!C128,'6号洞'!C128,'7号洞'!C128,'8号洞'!C128,'9号洞'!C128,'10号洞'!C128,'11号洞'!C128,'12号洞'!C128,'13号洞'!C128,'14号洞'!C128,'15号洞'!C128,'16号洞'!C128,'17号洞'!C128,'18号洞'!C128),“-”)} -> 0.5 | P5: 30-40yd救球成功率 | Q5: =IFERROR(SUM('1号洞'!E121,'2号洞'!E121,'3号洞'!E121,'4号洞'!E121,'5号洞'!E121,'6号洞'!E121,'7号洞'!E121,'8号洞'!E121,'9号洞'!E121,'10号洞'!E121,'11号洞'!E121,'12号洞'!E121,'13号洞'!E121,'14号洞'!E121,'15号洞'!E121,'16号洞'!E121,'17号洞'!E121,'18号洞'!E121)/SUM('1号洞'!D121,'2号洞'!D121,'3号洞'!D121,'4号洞'!D121,'5号洞'!D121,'6号洞'!D121,'7号洞'!D121,'8号洞'!D121,'9号洞'!D121,'10号洞'!D121,'11号洞'!D121,'12号洞'!D121,'13号洞'!D121,'14号洞'!D121,'15号洞'!D121,'16号洞'!D121,'17号洞'!D121,'18号洞'!D121),"-") -> 0 | U5: 3-9推进概率 | V5: =IFERROR(SUM('1号洞'!D94,'2号洞'!D94,'3号洞'!D94,'4号洞'!D94,'5号洞'!D94,'6号洞'!D94,'7号洞'!D94,'8号洞'!D94,'9号洞'!D94,'10号洞'!D94,'11号洞'!D94,'12号洞'!D94,'13号洞'!D94,'14号洞'!D94,'15号洞'!D94,'16号洞'!D94,'17号洞'!D94,'18号洞'!D94)/SUM('1号洞'!C94,'2号洞'!C94,'3号洞'!C94,'4号洞'!C94,'5号洞'!C94,'6号洞'!C94,'7号洞'!C94,'8号洞'!C94,'9号洞'!C94,'10号洞'!C94,'11号洞'!C94,'12号洞'!C94,'13号洞'!C94,'14号洞'!C94,'15号洞'!C94,'16号洞'!C94,'17号洞'!C94,'18号洞'!C94),"-") -> 0.88888889
C6: 一切一推率 | D6: =SUM('1号洞'!C75+0,'2号洞'!C75+0,'3号洞'!C75+0,'4号洞'!C75+0,'5号洞'!C75+0,'6号洞'!C75+0,'7号洞'!C75+0,'8号洞'!C75+0,'9号洞'!C75+0,'10号洞'!C75+0,'11号洞'!C75+0,'12号洞'!C75+0,'13号洞'!C75+0,'14号洞'!C75+0,'15号洞'!C75+0,'16号洞'!C75+0,'17号洞'!C75+0,'18号洞'!C88+0)/18 -> 0 | G6: 开球偏左 | H6: {=IFERROR(SUM('1号洞'!K90,'2号洞'!K90,'3号洞'!K90,'4号洞'!K90,'5号洞'!K90,'6号洞'!K90,'7号洞'!K90,'8号洞'!K90,'9号洞'!K90,'10号洞'!K90,'11号洞'!K90,'12号洞'!K90,'13号洞'!K90,'14号洞'!K90,'15号洞'!K90,'16号洞'!K90,'17号洞'!K90,'18号洞'!K90)/SUM('1号洞'!F90,'2号洞'!F90,'3号洞'!F90,'4号洞'!F90,'5号洞'!F90,'6号洞'!F90,'7号洞'!F90,'8号洞'!F90,'9号洞'!F90,'10号洞'!F90,'11号洞'!F90,'12号洞'!F90,'13号洞'!F90,'14号洞'!F90,'15号洞'!F90,'16号洞'!F90,'17号洞'!F90,'18号洞'!F90),“-”)} -> 0 | K6: 150-200上果岭率 | L6: {=IFERROR(SUM('1号洞'!D129,'2号洞'!D129,'3号洞'!D129,'4号洞'!D129,'5号洞'!D129,'6号洞'!D129,'7号洞'!D129,'8号洞'!D129,'9号洞'!D129,'10号洞'!D129,'11号洞'!D129,'12号洞'!D129,'13号洞'!D129,'14号洞'!D129,'15号洞'!D129,'16号洞'!D129,'17号洞'!D129,'18号洞'!D129)/SUM('1号洞'!C129,'2号洞'!C129,'3号洞'!C129,'4号洞'!C129,'5号洞'!C129,'6号洞'!C129,'7号洞'!C129,'8号洞'!C129,'9号洞'!C129,'10号洞'!C129,'11号洞'!C129,'12号洞'!C129,'13号洞'!C129,'14号洞'!C129,'15号洞'!C129,'16号洞'!C129,'17号洞'!C129,'18号洞'!C129),“-”)} -> 0 | P6: 40-50yd救球成功率 | Q6: =IFERROR(SUM('1号洞'!E122,'2号洞'!E122,'3号洞'!E122,'4号洞'!E122,'5号洞'!E122,'6号洞'!E122,'7号洞'!E122,'8号洞'!E122,'9号洞'!E122,'10号洞'!E122,'11号洞'!E122,'12号洞'!E122,'13号洞'!E122,'14号洞'!E122,'15号洞'!E122,'16号洞'!E122,'17号洞'!E122,'18号洞'!E122)/SUM('1号洞'!D122,'2号洞'!D122,'3号洞'!D122,'4号洞'!D122,'5号洞'!D122,'6号洞'!D122,'7号洞'!D122,'8号洞'!D122,'9号洞'!D122,'10号洞'!D122,'11号洞'!D122,'12号洞'!D122,'13号洞'!D122,'14号洞'!D122,'15号洞'!D122,'16号洞'!D122,'17号洞'!D122,'18号洞'!D122),"-") -> 0 | U6: 9-15推进概率 | V6: =IFERROR(SUM('1号洞'!D95,'2号洞'!D95,'3号洞'!D95,'4号洞'!D95,'5号洞'!D95,'6号洞'!D95,'7号洞'!D95,'8号洞'!D95,'9号洞'!D95,'10号洞'!D95,'11号洞'!D95,'12号洞'!D95,'13号洞'!D95,'14号洞'!D95,'15号洞'!D95,'16号洞'!D95,'17号洞'!D95,'18号洞'!D95)/SUM('1号洞'!C95,'2号洞'!C95,'3号洞'!C95,'4号洞'!C95,'5号洞'!C95,'6号洞'!C95,'7号洞'!C95,'8号洞'!C95,'9号洞'!C95,'10号洞'!C95,'11号洞'!C95,'12号洞'!C95,'13号洞'!C95,'14号洞'!C95,'15号洞'!C95,'16号洞'!C95,'17号洞'!C95,'18号洞'!C95),"-") -> 0.125
C7: 标上平均推杆 | D7: {=IFERROR(SUM('1号洞'!F87,'2号洞'!F87,'3号洞'!F87,'4号洞'!F87,'5号洞'!F87,'6号洞'!F87,'7号洞'!F87,'8号洞'!F87,'9号洞'!F87,'10号洞'!F87,'11号洞'!F87,'12号洞'!F87,'13号洞'!F87,'14号洞'!F87,'15号洞'!F87,'16号洞'!F87,'17号洞'!F87,'18号洞'!F87)/SUM('1号洞'!C87+0,'2号洞'!C87+0,'3号洞'!C87+0,'4号洞'!C87+0,'5号洞'!C87+0,'6号洞'!C87+0,'7号洞'!C87+0,'8号洞'!C87+0,'9号洞'!C87+0,'10号洞'!C87+0,'11号洞'!C87+0,'12号洞'!C87+0,'13号洞'!C87+0,'14号洞'!C87+0,'15号洞'!C87+0,'16号洞'!C87+0,'17号洞'!C87+0,'18号洞'!C87+0),“-”)} -> 1.8333333 | G7: 开球偏右 | H7: {=IFERROR(SUM('1号洞'!L90,'2号洞'!L90,'3号洞'!L90,'4号洞'!L90,'5号洞'!L90,'6号洞'!L90,'7号洞'!L90,'8号洞'!L90,'9号洞'!L90,'10号洞'!L90,'11号洞'!L90,'12号洞'!L90,'13号洞'!L90,'14号洞'!L90,'15号洞'!L90,'16号洞'!L90,'17号洞'!L90,'18号洞'!L90)/SUM('1号洞'!F90,'2号洞'!F90,'3号洞'!F90,'4号洞'!F90,'5号洞'!F90,'6号洞'!F90,'7号洞'!F90,'8号洞'!F90,'9号洞'!F90,'10号洞'!F90,'11号洞'!F90,'12号洞'!F90,'13号洞'!F90,'14号洞'!F90,'15号洞'!F90,'16号洞'!F90,'17号洞'!F90,'18号洞'!F90),“-”)} -> 0.28571429 | K7: 200以上上果岭率 | L7: =IFERROR(SUM('1号洞'!D130,'2号洞'!D130,'3号洞'!D130,'4号洞'!D130,'5号洞'!D130,'6号洞'!D130,'7号洞'!D130,'8号洞'!D130,'9号洞'!D130,'10号洞'!D130,'11号洞'!D130,'12号洞'!D130,'13号洞'!D130,'14号洞'!D130,'15号洞'!D130,'16号洞'!D130,'17号洞'!D130,'18号洞'!D130)/SUM('1号洞'!C130,'2号洞'!C130,'3号洞'!C130,'4号洞'!C130,'5号洞'!C130,'6号洞'!C130,'7号洞'!C130,'8号洞'!C130,'9号洞'!C130,'10号洞'!C130,'11号洞'!C130,'12号洞'!C130,'13号洞'!C130,'14号洞'!C130,'15号洞'!C130,'16号洞'!C130,'17号洞'!C130,'18号洞'!C130),"-") -> - | P7: 0-10yd平均剩余 | Q7: =IFERROR(SUM('1号洞'!F118,'2号洞'!F118,'3号洞'!F118,'4号洞'!F118,'5号洞'!F118,'6号洞'!F118,'7号洞'!F118,'8号洞'!F118,'9号洞'!F118,'10号洞'!F118,'11号洞'!F118,'12号洞'!F118,'13号洞'!F118,'14号洞'!F118,'15号洞'!F118,'16号洞'!F118,'17号洞'!F118,'18号洞'!F118)/SUM('1号洞'!D118,'2号洞'!D118,'3号洞'!D118,'4号洞'!D118,'5号洞'!D118,'6号洞'!D118,'7号洞'!D118,'8号洞'!D118,'9号洞'!D118,'10号洞'!D118,'11号洞'!D118,'12号洞'!D118,'13号洞'!D118,'14号洞'!D118,'15号洞'!D118,'16号洞'!D118,'17号洞'!D118,'18号洞'!D118),"-") -> 6 | R7: ft | U7: 15-30推进概率 | V7: =IFERROR(SUM('1号洞'!D96,'2号洞'!D96,'3号洞'!D96,'4号洞'!D96,'5号洞'!D96,'6号洞'!D96,'7号洞'!D96,'8号洞'!D96,'9号洞'!D96,'10号洞'!D96,'11号洞'!D96,'12号洞'!D96,'13号洞'!D96,'14号洞'!D96,'15号洞'!D96,'16号洞'!D96,'17号洞'!D96,'18号洞'!D96)/SUM('1号洞'!C96,'2号洞'!C96,'3号洞'!C96,'4号洞'!C96,'5号洞'!C96,'6号洞'!C96,'7号洞'!C96,'8号洞'!C96,'9号洞'!C96,'10号洞'!C96,'11号洞'!C96,'12号洞'!C96,'13号洞'!C96,'14号洞'!C96,'15号洞'!C96,'16号洞'!C96,'17号洞'!C96,'18号洞'!C96),"-") -> 0
C8: 平均开球距离 | D8: {=IFERROR(SUM('1号洞'!E89,'2号洞'!E89,'3号洞'!E89,'4号洞'!E89,'5号洞'!E89,'6号洞'!E89,'7号洞'!E89,'8号洞'!E89,'9号洞'!E89,'10号洞'!E89,'11号洞'!E89,'12号洞'!E89,'13号洞'!E89,'14号洞'!E89,'15号洞'!E89,'16号洞'!E89,'17号洞'!E89,'18号洞'!E89)/SUM('1号洞'!F89,'2号洞'!F89,'3号洞'!F89,'4号洞'!F89,'5号洞'!F89,'6号洞'!F89,'7号洞'!F89,'8号洞'!F89,'9号洞'!F89,'10号洞'!F89,'11号洞'!F89,'12号洞'!F89,'13号洞'!F89,'14号洞'!F89,'15号洞'!F89,'16号洞'!F89,'17号洞'!F89,'18号洞'!F89),“-”)} -> 192.42857 | K8: 50-75精准度 | L8: =IFERROR(SUM('1号洞'!E125,'2号洞'!E125,'3号洞'!E125,'4号洞'!E125,'5号洞'!E125,'6号洞'!E125,'7号洞'!E125,'8号洞'!E125,'9号洞'!E125,'10号洞'!E125,'11号洞'!E125,'12号洞'!E125,'13号洞'!E125,'14号洞'!E125,'15号洞'!E125,'16号洞'!E125,'17号洞'!E125,'18号洞'!E125)/SUM('1号洞'!D125,'2号洞'!D125,'3号洞'!D125,'4号洞'!D125,'5号洞'!D125,'6号洞'!D125,'7号洞'!D125,'8号洞'!D125,'9号洞'!D125,'10号洞'!D125,'11号洞'!D125,'12号洞'!D125,'13号洞'!D125,'14号洞'!D125,'15号洞'!D125,'16号洞'!D125,'17号洞'!D125,'18号洞'!D125),"-") -> 18 | M8: ft | P8: 10-20yd平均剩余 | Q8: =IFERROR(SUM('1号洞'!F119,'2号洞'!F119,'3号洞'!F119,'4号洞'!F119,'5号洞'!F119,'6号洞'!F119,'7号洞'!F119,'8号洞'!F119,'9号洞'!F119,'10号洞'!F119,'11号洞'!F119,'12号洞'!F119,'13号洞'!F119,'14号洞'!F119,'15号洞'!F119,'16号洞'!F119,'17号洞'!F119,'18号洞'!F119)/SUM('1号洞'!D119,'2号洞'!D119,'3号洞'!D119,'4号洞'!D119,'5号洞'!D119,'6号洞'!D119,'7号洞'!D119,'8号洞'!D119,'9号洞'!D119,'10号洞'!D119,'11号洞'!D119,'12号洞'!D119,'13号洞'!D119,'14号洞'!D119,'15号洞'!D119,'16号洞'!D119,'17号洞'!D119,'18号洞'!D119),"-") -> 15 | R8: ft | U8: 30以上推进概率 | V8: =IFERROR(SUM('1号洞'!D97,'2号洞'!D97,'3号洞'!D97,'4号洞'!D97,'5号洞'!D97,'6号洞'!D97,'7号洞'!D97,'8号洞'!D97,'9号洞'!D97,'10号洞'!D97,'11号洞'!D97,'12号洞'!D97,'13号洞'!D97,'14号洞'!D97,'15号洞'!D97,'16号洞'!D97,'17号洞'!D97,'18号洞'!D97)/SUM('1号洞'!C97,'2号洞'!C97,'3号洞'!C97,'4号洞'!C97,'5号洞'!C97,'6号洞'!C97,'7号洞'!C97,'8号洞'!C97,'9号洞'!C97,'10号洞'!C97,'11号洞'!C97,'12号洞'!C97,'13号洞'!C97,'14号洞'!C97,'15号洞'!C97,'16号洞'!C97,'17号洞'!C97,'18号洞'!C97),"-") -> 0
C9: 最远开球距离 | D9: =MAX('1号洞'!E89,'2号洞'!E89,'3号洞'!E89,'4号洞'!E89,'5号洞'!E89,'6号洞'!E89,'7号洞'!E89,'8号洞'!E89,'9号洞'!E89,'10号洞'!E89,'11号洞'!E89,'12号洞'!E89,'13号洞'!E89,'14号洞'!E89,'15号洞'!E89,'16号洞'!E89,'17号洞'!E89,'18号洞'!E89) -> 208 | K9: 75-100精准度 | L9: =IFERROR(SUM('1号洞'!E126,'2号洞'!E126,'3号洞'!E126,'4号洞'!E126,'5号洞'!E126,'6号洞'!E126,'7号洞'!E126,'8号洞'!E126,'9号洞'!E126,'10号洞'!E126,'11号洞'!E126,'12号洞'!E126,'13号洞'!E126,'14号洞'!E126,'15号洞'!E126,'16号洞'!E126,'17号洞'!E126,'18号洞'!E126)/SUM('1号洞'!D126,'2号洞'!D126,'3号洞'!D126,'4号洞'!D126,'5号洞'!D126,'6号洞'!D126,'7号洞'!D126,'8号洞'!D126,'9号洞'!D126,'10号洞'!D126,'11号洞'!D126,'12号洞'!D126,'13号洞'!D126,'14号洞'!D126,'15号洞'!D126,'16号洞'!D126,'17号洞'!D126,'18号洞'!D126),"-") -> 36 | M9: ft | P9: 20-30yd平均剩余 | Q9: =IFERROR(SUM('1号洞'!F120,'2号洞'!F120,'3号洞'!F120,'4号洞'!F120,'5号洞'!F120,'6号洞'!F120,'7号洞'!F120,'8号洞'!F120,'9号洞'!F120,'10号洞'!F120,'11号洞'!F120,'12号洞'!F120,'13号洞'!F120,'14号洞'!F120,'15号洞'!F120,'16号洞'!F120,'17号洞'!F120,'18号洞'!F120)/SUM('1号洞'!D120,'2号洞'!D120,'3号洞'!D120,'4号洞'!D120,'5号洞'!D120,'6号洞'!D120,'7号洞'!D120,'8号洞'!D120,'9号洞'!D120,'10号洞'!D120,'11号洞'!D120,'12号洞'!D120,'13号洞'!D120,'14号洞'!D120,'15号洞'!D120,'16号洞'!D120,'17号洞'!D120,'18号洞'!D120),"-") -> 21 | R9: ft | U9: 9-15三推概率 | V9: =IFERROR(SUM('1号洞'!E101,'2号洞'!E101,'3号洞'!E101,'4号洞'!E101,'5号洞'!E101,'6号洞'!E101,'7号洞'!E101,'8号洞'!E101,'9号洞'!E101,'10号洞'!E101,'11号洞'!E101,'12号洞'!E101,'13号洞'!E101,'14号洞'!E101,'15号洞'!E101,'16号洞'!E101,'17号洞'!E101,'18号洞'!E101)/SUM('1号洞'!C101,'2号洞'!C101,'3号洞'!C101,'4号洞'!C101,'5号洞'!C101,'6号洞'!C101,'7号洞'!C101,'8号洞'!C101,'9号洞'!C101,'10号洞'!C101,'11号洞'!C101,'12号洞'!C101,'13号洞'!C101,'14号洞'!C101,'15号洞'!C101,'16号洞'!C101,'17号洞'!C101,'18号洞'!C101),"-") -> 0
C10: 开球上球道率 | D10: {=IFERROR(SUM('1号洞'!E90+0,'2号洞'!E90+0,'3号洞'!E90+0,'4号洞'!E90+0,'5号洞'!E90+0,'6号洞'!E90+0,'7号洞'!E90+0,'8号洞'!E90+0,'9号洞'!E90+0,'10号洞'!E90+0,'11号洞'!E90+0,'12号洞'!E90+0,'13号洞'!E90+0,'14号洞'!E90+0,'15号洞'!E90+0,'16号洞'!E90+0,'17号洞'!E90+0,'18号洞'!E90+0)/SUM('1号洞'!F90,'2号洞'!F90,'3号洞'!F90,'4号洞'!F90,'5号洞'!F90,'6号洞'!F90,'7号洞'!F90,'8号洞'!F90,'9号洞'!F90,'10号洞'!F90,'11号洞'!F90,'12号洞'!F90,'13号洞'!F90,'14号洞'!F90,'15号洞'!F90,'16号洞'!F90,'17号洞'!F90,'18号洞'!F90),“-”)} -> 0.92857143 | K10: 100-125精准度 | L10: =IFERROR(SUM('1号洞'!E127,'2号洞'!E127,'3号洞'!E127,'4号洞'!E127,'5号洞'!E127,'6号洞'!E127,'7号洞'!E127,'8号洞'!E127,'9号洞'!E127,'10号洞'!E127,'11号洞'!E127,'12号洞'!E127,'13号洞'!E127,'14号洞'!E127,'15号洞'!E127,'16号洞'!E127,'17号洞'!E127,'18号洞'!E127)/SUM('1号洞'!D127,'2号洞'!D127,'3号洞'!D127,'4号洞'!D127,'5号洞'!D127,'6号洞'!D127,'7号洞'!D127,'8号洞'!D127,'9号洞'!D127,'10号洞'!D127,'11号洞'!D127,'12号洞'!D127,'13号洞'!D127,'14号洞'!D127,'15号洞'!D127,'16号洞'!D127,'17号洞'!D127,'18号洞'!D127),"-") -> 12 | M10: ft | P10: 30-40yd平均剩余 | Q10: =IFERROR(SUM('1号洞'!F121,'2号洞'!F121,'3号洞'!F121,'4号洞'!F121,'5号洞'!F121,'6号洞'!F121,'7号洞'!F121,'8号洞'!F121,'9号洞'!F121,'10号洞'!F121,'11号洞'!F121,'12号洞'!F121,'13号洞'!F121,'14号洞'!F121,'15号洞'!F121,'16号洞'!F121,'17号洞'!F121,'18号洞'!F121)/SUM('1号洞'!D121,'2号洞'!D121,'3号洞'!D121,'4号洞'!D121,'5号洞'!D121,'6号洞'!D121,'7号洞'!D121,'8号洞'!D121,'9号洞'!D121,'10号洞'!D121,'11号洞'!D121,'12号洞'!D121,'13号洞'!D121,'14号洞'!D121,'15号洞'!D121,'16号洞'!D121,'17号洞'!D121,'18号洞'!D121),"-") -> 34.5 | R10: ft | U10: 15-30三推概率 | V10: =IFERROR(SUM('1号洞'!E102,'2号洞'!E102,'3号洞'!E102,'4号洞'!E102,'5号洞'!E102,'6号洞'!E102,'7号洞'!E102,'8号洞'!E102,'9号洞'!E102,'10号洞'!E102,'11号洞'!E102,'12号洞'!E102,'13号洞'!E102,'14号洞'!E102,'15号洞'!E102,'16号洞'!E102,'17号洞'!E102,'18号洞'!E102)/SUM('1号洞'!C102,'2号洞'!C102,'3号洞'!C102,'4号洞'!C102,'5号洞'!C102,'6号洞'!C102,'7号洞'!C102,'8号洞'!C102,'9号洞'!C102,'10号洞'!C102,'11号洞'!C102,'12号洞'!C102,'13号洞'!C102,'14号洞'!C102,'15号洞'!C102,'16号洞'!C102,'17号洞'!C102,'18号洞'!C102),"-") -> 0
C11: 三杆洞平均成绩 | D11: {=IFERROR(SUM('1号洞'!B133,'2号洞'!B133,'3号洞'!B133,'4号洞'!B133,'5号洞'!B133,'6号洞'!B133,'7号洞'!B133,'8号洞'!B133,'9号洞'!B133,'10号洞'!B133,'11号洞'!B133,'12号洞'!B133,'13号洞'!B133,'14号洞'!B133,'15号洞'!B133,'16号洞'!B133,'17号洞'!B133,'18号洞'!B133)/SUM('1号洞'!C133,'2号洞'!C133,'3号洞'!C133,'4号洞'!C133,'5号洞'!C133,'6号洞'!C133,'7号洞'!C133,'8号洞'!C133,'9号洞'!C133,'10号洞'!C133,'11号洞'!C133,'12号洞'!C133,'13号洞'!C133,'14号洞'!C133,'15号洞'!C133,'16号洞'!C133,'17号洞'!C133,'18号洞'!C133),“-”)} -> 3.25 | K11: 125-150精准度 | L11: =IFERROR(SUM('1号洞'!E128,'2号洞'!E128,'3号洞'!E128,'4号洞'!E128,'5号洞'!E128,'6号洞'!E128,'7号洞'!E128,'8号洞'!E128,'9号洞'!E128,'10号洞'!E128,'11号洞'!E128,'12号洞'!E128,'13号洞'!E128,'14号洞'!E128,'15号洞'!E128,'16号洞'!E128,'17号洞'!E128,'18号洞'!E128)/SUM('1号洞'!D128,'2号洞'!D128,'3号洞'!D128,'4号洞'!D128,'5号洞'!D128,'6号洞'!D128,'7号洞'!D128,'8号洞'!D128,'9号洞'!D128,'10号洞'!D128,'11号洞'!D128,'12号洞'!D128,'13号洞'!D128,'14号洞'!D128,'15号洞'!D128,'16号洞'!D128,'17号洞'!D128,'18号洞'!D128),"-") -> 30 | M11: ft | P11: 40-50yd平均剩余 | Q11: =IFERROR(SUM('1号洞'!F122,'2号洞'!F122,'3号洞'!F122,'4号洞'!F122,'5号洞'!F122,'6号洞'!F122,'7号洞'!F122,'8号洞'!F122,'9号洞'!F122,'10号洞'!F122,'11号洞'!F122,'12号洞'!F122,'13号洞'!F122,'14号洞'!F122,'15号洞'!F122,'16号洞'!F122,'17号洞'!F122,'18号洞'!F122)/SUM('1号洞'!D122,'2号洞'!D122,'3号洞'!D122,'4号洞'!D122,'5号洞'!D122,'6号洞'!D122,'7号洞'!D122,'8号洞'!D122,'9号洞'!D122,'10号洞'!D122,'11号洞'!D122,'12号洞'!D122,'13号洞'!D122,'14号洞'!D122,'15号洞'!D122,'16号洞'!D122,'17号洞'!D122,'18号洞'!D122),"-") -> 18 | R11: ft | U11: 30以上三推概率 | V11: =IFERROR(SUM('1号洞'!E103,'2号洞'!E103,'3号洞'!E103,'4号洞'!E103,'5号洞'!E103,'6号洞'!E103,'7号洞'!E103,'8号洞'!E103,'9号洞'!E103,'10号洞'!E103,'11号洞'!E103,'12号洞'!E103,'13号洞'!E103,'14号洞'!E103,'15号洞'!E103,'16号洞'!E103,'17号洞'!E103,'18号洞'!E103)/SUM('1号洞'!C103,'2号洞'!C103,'3号洞'!C103,'4号洞'!C103,'5号洞'!C103,'6号洞'!C103,'7号洞'!C103,'8号洞'!C103,'9号洞'!C103,'10号洞'!C103,'11号洞'!C103,'12号洞'!C103,'13号洞'!C103,'14号洞'!C103,'15号洞'!C103,'16号洞'!C103,'17号洞'!C103,'18号洞'!C103),"-") -> 0.5
C12: 四杆洞平均成绩 | D12: {=IFERROR(SUM('1号洞'!B134,'2号洞'!B134,'3号洞'!B134,'4号洞'!B134,'5号洞'!B134,'6号洞'!B134,'7号洞'!B134,'8号洞'!B134,'9号洞'!B134,'10号洞'!B134,'11号洞'!B134,'12号洞'!B134,'13号洞'!B134,'14号洞'!B134,'15号洞'!B134,'16号洞'!B134,'17号洞'!B134,'18号洞'!B134)/SUM('1号洞'!C134,'2号洞'!C134,'3号洞'!C134,'4号洞'!C134,'5号洞'!C134,'6号洞'!C134,'7号洞'!C134,'8号洞'!C134,'9号洞'!C134,'10号洞'!C134,'11号洞'!C134,'12号洞'!C134,'13号洞'!C134,'14号洞'!C134,'15号洞'!C134,'16号洞'!C134,'17号洞'!C134,'18号洞'!C134),“-”)} -> 4.7 | K12: 150-200精准度 | L12: =IFERROR(SUM('1号洞'!E129,'2号洞'!E129,'3号洞'!E129,'4号洞'!E129,'5号洞'!E129,'6号洞'!E129,'7号洞'!E129,'8号洞'!E129,'9号洞'!E129,'10号洞'!E129,'11号洞'!E129,'12号洞'!E129,'13号洞'!E129,'14号洞'!E129,'15号洞'!E129,'16号洞'!E129,'17号洞'!E129,'18号洞'!E129)/SUM('1号洞'!D129,'2号洞'!D129,'3号洞'!D129,'4号洞'!D129,'5号洞'!D129,'6号洞'!D129,'7号洞'!D129,'8号洞'!D129,'9号洞'!D129,'10号洞'!D129,'11号洞'!D129,'12号洞'!D129,'13号洞'!D129,'14号洞'!D129,'15号洞'!D129,'16号洞'!D129,'17号洞'!D129,'18号洞'!D129),"-") -> - | M12: ft | P12: 沙坑救球平均剩余 | Q12: =IFERROR(SUM('1号洞'!H118:H122,'2号洞'!H118:H122,'3号洞'!H118:H122,'4号洞'!H118:H122,'5号洞'!H118:H122,'6号洞'!H118:H122,'7号洞'!H118:H122,'8号洞'!H118:H122,'9号洞'!H118:H122,'10号洞'!H118:H122,'11号洞'!H118:H122,'12号洞'!H118:H122,'13号洞'!H118:H122,'14号洞'!H118:H122,'15号洞'!H118:H122,'16号洞'!H118:H122,'17号洞'!H118:H122,'18号洞'!H118:H122)/SUM('1号洞'!G118:G122,'2号洞'!G118:G122,'3号洞'!G118:G122,'4号洞'!G118:G122,'5号洞'!G118:G122,'6号洞'!G118:G122,'7号洞'!G118:G122,'8号洞'!G118:G122,'9号洞'!G118:G122,'10号洞'!G118:G122,'11号洞'!G118:G122,'12号洞'!G118:G122,'13号洞'!G118:G122,'14号洞'!G118:G122,'15号洞'!G118:G122,'16号洞'!G118:G122,'17号洞'!G118:G122,'18号洞'!G118:G122),"-") -> - | R12: ft
C13: 五杆洞平均成绩 | D13: {=IFERROR(SUM('1号洞'!B135,'2号洞'!B135,'3号洞'!B135,'4号洞'!B135,'5号洞'!B135,'6号洞'!B135,'7号洞'!B135,'8号洞'!B135,'9号洞'!B135,'10号洞'!B135,'11号洞'!B135,'12号洞'!B135,'13号洞'!B135,'14号洞'!B135,'15号洞'!B135,'16号洞'!B135,'17号洞'!B135,'18号洞'!B135)/SUM('1号洞'!C135,'2号洞'!C135,'3号洞'!C135,'4号洞'!C135,'5号洞'!C135,'6号洞'!C135,'7号洞'!C135,'8号洞'!C135,'9号洞'!C135,'10号洞'!C135,'11号洞'!C135,'12号洞'!C135,'13号洞'!C135,'14号洞'!C135,'15号洞'!C135,'16号洞'!C135,'17号洞'!C135,'18号洞'!C135),“-”)} -> 5.25 | K13: 200以上精准度 | L13: =IFERROR(SUM('1号洞'!E130,'2号洞'!E130,'3号洞'!E130,'4号洞'!E130,'5号洞'!E130,'6号洞'!E130,'7号洞'!E130,'8号洞'!E130,'9号洞'!E130,'10号洞'!E130,'11号洞'!E130,'12号洞'!E130,'13号洞'!E130,'14号洞'!E130,'15号洞'!E130,'16号洞'!E130,'17号洞'!E130,'18号洞'!E130)/SUM('1号洞'!D130,'2号洞'!D130,'3号洞'!D130,'4号洞'!D130,'5号洞'!D130,'6号洞'!D130,'7号洞'!D130,'8号洞'!D130,'9号洞'!D130,'10号洞'!D130,'11号洞'!D130,'12号洞'!D130,'13号洞'!D130,'14号洞'!D130,'15号洞'!D130,'16号洞'!D130,'17号洞'!D130,'18号洞'!D130),"-") -> - | M13: ft
C14: Eagle | D14: =SUM('1号洞'!B136,'2号洞'!B136,'3号洞'!B136,'4号洞'!B136,'5号洞'!B136,'6号洞'!B136,'7号洞'!B136,'8号洞'!B136,'9号洞'!B136,'10号洞'!B136,'11号洞'!B136,'12号洞'!B136,'13号洞'!B136,'14号洞'!B136,'15号洞'!B136,'16号洞'!B136,'17号洞'!B136,'18号洞'!B136) -> 0
C15: Birdies | D15: =SUM('1号洞'!B137,'2号洞'!B137,'3号洞'!B137,'4号洞'!B137,'5号洞'!B137,'6号洞'!B137,'7号洞'!B137,'8号洞'!B137,'9号洞'!B137,'10号洞'!B137,'11号洞'!B137,'12号洞'!B137,'13号洞'!B137,'14号洞'!B137,'15号洞'!B137,'16号洞'!B137,'17号洞'!B137,'18号洞'!B137) -> 1
C16: Par | D16: =SUM('1号洞'!B138,'2号洞'!B138,'3号洞'!B138,'4号洞'!B138,'5号洞'!B138,'6号洞'!B138,'7号洞'!B138,'8号洞'!B138,'9号洞'!B138,'10号洞'!B138,'11号洞'!B138,'12号洞'!B138,'13号洞'!B138,'14号洞'!B138,'15号洞'!B138,'16号洞'!B138,'17号洞'!B138,'18号洞'!B138) -> 8
C17: Bogey | D17: =SUM('1号洞'!B139,'2号洞'!B139,'3号洞'!B139,'4号洞'!B139,'5号洞'!B139,'6号洞'!B139,'7号洞'!B139,'8号洞'!B139,'9号洞'!B139,'10号洞'!B139,'11号洞'!B139,'12号洞'!B139,'13号洞'!B139,'14号洞'!B139,'15号洞'!B139,'16号洞'!B139,'17号洞'!B139,'18号洞'!B139) -> 8
C18: Double Bogey | D18: =SUM('1号洞'!B140,'2号洞'!B140,'3号洞'!B140,'4号洞'!B140,'5号洞'!B140,'6号洞'!B140,'7号洞'!B140,'8号洞'!B140,'9号洞'!B140,'10号洞'!B140,'11号洞'!B140,'12号洞'!B140,'13号洞'!B140,'14号洞'!B140,'15号洞'!B140,'16号洞'!B140,'17号洞'!B140,'18号洞'!B140) -> 1

Sheet 1号洞
B2: 标准杆 | C2: 4 | D2: 杆
B3: 成绩 | C3: 6 | D3: 杆
B5: 挥杆&切杆 | E5: 推杆
B6: 第一杆 | C6: 1号木 | E6: 第一推
B7: 距离： | C7: 361 | D7: yd | E7: 距离： | F7: 51 | G7: ft
B8: 方向： | C8: 偏右 | E8: 第二推
B9: 球位 | C9: 球道 | E9: 距离： | F9: 6 | G9: ft
B10: 是否直攻 | C10: 过渡 | E10: 第三推
B11: 罚杆 | C11: 0 | D11: 杆 | E11: 距离： | F11: 1 | G11: ft
B12: 第二杆 | C12: 7铁 | E12: 第四推
B13: 距离： | C13: 156 | D13: yd | E13: 距离： | G13: ft
B14: 方向： | C14: 偏右 | E14: 第五推
B15: 球位 | C15: 球道 | E15: 距离： | G15: ft
B16: 是否直攻 | C16: 直攻 | E16: 第六推
B17: 罚杆 | C17: 0 | D17: 杆 | E17: 距离： | G17: ft
B18: 第三杆 | C18: 56度 | E18: 第七推
B19: 距离： | C19: 31 | D19: yd | E19: 距离： | G19: ft
B20: 方向： | C20: 直球 | E20: 第8推
B21: 球位 | C21: 长草 | E21: 距离： | G21: ft
B22: 是否直攻 | C22: 直攻
B23: 罚杆 | C23: 0 | D23: 杆 | E23: 额外罚杆 | G23: 杆
B24: 第四杆
B25: 距离： | D25: yd
B26: 方向：
B27: 球位
B28: 是否直攻
B29: 罚杆 | D29: 杆
B30: 第五杆
B31: 距离： | D31: yd
B32: 方向：
B33: 球位
B34: 是否直攻
B35: 罚杆 | D35: 杆
B36: 第六杆
B37: 距离： | D37: yd
B38: 方向：
B39: 球位
B40: 是否直攻
B41: 罚杆 | D41: 杆
B42: 第七杆
B43: 距离： | D43: yd
B44: 方向：
B45: 球位
B46: 是否直攻
B47: 罚杆 | D47: 杆
B48: 第八杆
B49: 距离： | D49: yd
B50: 方向：
B51: 球位
B52: 是否直攻
B53: 罚杆 | D53: 杆
B54: 第九杆
B55: 距离： | D55: yd
B56: 方向：
B57: 球位
B58: 是否直攻
B59: 罚杆 | D59: 杆
B60: 第十杆
B61: 距离： | D61: yd
B62: 方向：
B63: 球位
B64: 是否直攻
B65: 罚杆 | D65: 杆
D80: 成绩核对
B81: 总成绩 | C81: =C83+C86+C84 -> 6 | D81: =IF(C81-C3=0,TRUE,FALSE) -> TRUE
B82: PAR or less | C82: =(C81-C2)<=0 -> FALSE
B83: 总罚杆 | C83: =SUM(C11,C17,C23,C29,C35,C41,C47,C53,C59,C65,F23) -> 0
B84: 总挥切杆 | C84: =COUNT(C7,C13,C19,C25,C31,C37,C43,C49,C55,C61) -> 3
B85: 总切杆 | C85: =COUNTIF(C6:D65,"52度")+COUNTIF(C6:D65,"56度") -> 1
B86: 总推杆 | C86: =COUNT(F6:F21) -> 3 | E86: 一推 | F86: =IF(C86=1,1,0) -> 0 | G86: 三推 | H86: =IF(C86>2,1,0) -> 1
B87: 标On | C87: =C2-C84-C83>=2 -> FALSE | E87: 标On推杆 | F87: =IF(C87,C86,0) -> 0
B88: 一切一推 | C88: =C85*C86=1 -> FALSE | F88: 1号木标志 | H88: 长草 | I88: 沙坑 | J88: 直球 | K88: 偏左 | L88: 偏右
B89: 开球距离 | C89: =IF(C84>1,C7-C13,ROUND(C7-F7/3,0)) -> 205 | E89: =IF(C6="1号木",C89,0) -> 205 | F89: =IF(C6="1号木",1,0) -> 1 | H89: =IF(C9="长草",TRUE,FALSE) -> FALSE | I89: =IF(C9="沙坑",TRUE,FALSE) -> FALSE | J89: =IF(C8="直球",TRUE,FALSE) -> FALSE | K89: =IF(C8="偏左",TRUE,FALSE) -> FALSE | L89: =IF(C8="偏右",TRUE,FALSE) -> TRUE
B90: 上球道 | C90: =IF(C9="球道",TRUE,FALSE) -> TRUE | E90: =IF(C6="1号木",C90,0) -> TRUE | F90: =IF(C6="1号木",1,0) -> 1 | H90: =IF(F90=1,H89+0,0) -> 0 | I90: =IF(F90=1,I89+0,0) -> 0 | J90: =IF(F90=1,J89+0,0) -> 0 | K90: =IF(F90=1,K89+0,0) -> 0 | L90: =IF(F90=1,L89+0,0) -> 1
D92: 是否推进
A93: 推杆 | B93: 0-3 | C93: =COUNTIFS(I101:I108,">0",I101:I108,"<=3") -> 1 | D93: =COUNTIF(C98,"<=3") -> 1
B94: 3-9 | C94: =COUNTIFS(I101:I108,">3",I101:I108,"<=9") -> 1 | D94: =COUNTIFS(C98,">3",C98,"<=9") -> 0
B95: 9-15 | C95: =COUNTIFS(I101:I108,">9",I101:I108,"<=15") -> 0 | D95: =COUNTIFS(C98,">9",C98,"<=15") -> 0
B96: 15-30 | C96: =COUNTIFS(I101:I108,">15",I101:I108,"<=30") -> 0 | D96: =COUNTIFS(C98,">15",C98,"<=30") -> 0
B97: 30以上 | C97: =COUNTIFS(I101:I108,">30") -> 1 | D97: =COUNTIF(C98,">30") -> 0
B98: 推杆距离 | C98: {=INDIRECT("F"&(5+C86*2))} -> 1
E100: 是否三推 | I100: 推杆距离
A101: 三推 | B101: 9-15 | C101: =COUNTIFS(F7,">9",F7,"<=15") -> 0 | E101: =IF(C101=0,0,IF(COUNTIF(I101:I108,">0")>2,1,0)) -> 0 | H101: 1推 | I101: =F7-F9 -> 45
B102: 15-30 | C102: =COUNTIFS(F7,">15",F7,"<=30") -> 0 | E102: =IF(C102=0,0,IF(COUNTIF(I101:I108,">0")>2,1,0)) -> 0 | H102: 2推 | I102: =F9-F11 -> 5
B103: 30以上 | C103: =COUNTIFS(F7,">30") -> 1 | E103: =IF(C103=0,0,IF(COUNTIF(I101:I108,">0")>2,1,0)) -> 1 | H103: 3推 | I103: =F11-F13 -> 1
H104: 4推 | I104: =F13-F15 -> 0
H105: 5推 | I105: =F14-F16 -> 0
H106: 6推 | I106: =F16-F18 -> 0
H107: 7推 | I107: =F19-F21 -> 0
H108: 8推 | I108: =F21-0 -> 0
D116: 球杆
A117: 救球 | B117: 切杆距离 | C117: {=INDIRECT("C"&(1+C84*6))} -> 31 | D117: {=IFERROR(INDIRECT("C"&(C84*6)),0)} -> 56度 | E117: 是否救球 | F117: 剩余距离 | G117: 是否沙坑 | H117: 剩余距离 | I117: 救球条件 | J117: 1有切杆
B118: 0-10 | C118: =COUNTIFS(C117,">0",C117,"<=10") -> 0 | D118: {=IFERROR(IF(INDIRECT("C"&(C84*6))="52度",C118,0) + IF(INDIRECT("C"&(C84*6))="56度",C118,0),0)} -> 0 | E118: =IF(AND(C82=TRUE, C87=FALSE),D118,0) -> 0 | F118: =IF(D118=0,0,F7) -> 0 | G118: {=IFERROR(IF(AND(INDIRECT("C"&(C84*6))="52度",INDIRECT("C"&(C84*6+3))="沙坑"),C118,0) + IF(AND(INDIRECT("C"&(C84*6))="56度",INDIRECT("C"&(C84*6+3))="沙坑"),C118,0),0)} -> 0 | H118: =IF(G118=0,0,F7) -> 0 | J118: 2par
B119: 10-20 | C119: =COUNTIFS(C117,">10",C117,"<=20") -> 0 | D119: {=IFERROR(IF(INDIRECT("C"&(C84*6))="52度",C119,0) + IF(INDIRECT("C"&(C84*6))="56度",C119,0),0)} -> 0 | E119: =IF(AND(C82=TRUE, C87=FALSE),D119,0) -> 0 | F119: =IF(D119=0,0,F7) -> 0 | G119: {=IFERROR(IF(AND(INDIRECT("C"&(C84*6))="52度",INDIRECT("C"&(C84*6+3))="沙坑"),C119,0) + IF(AND(INDIRECT("C"&(C84*6))="56度",INDIRECT("C"&(C84*6+3))="沙坑"),C119,0),)} -> 0 | H119: =IF(G119=0,0,F7) -> 0 | J119: 3不标on
B120: 20-30 | C120: =COUNTIFS(C117,">20",C117,"<=30") -> 0 | D120: {=IFERROR(IF(INDIRECT("C"&(C84*6))="52度",C120,0) + IF(INDIRECT("C"&(C84*6))="56度",C120,0),0)} -> 0 | E120: =IF(AND(C82=TRUE, C87=FALSE),D120,0) -> 0 | F120: =IF(D120=0,0,F7) -> 0 | G120: {=IFERROR(IF(AND(INDIRECT("C"&(C84*6))="52度",INDIRECT("C"&(C84*6+3))="沙坑"),C120,0) + IF(AND(INDIRECT("C"&(C84*6))="56度",INDIRECT("C"&(C84*6+3))="沙坑"),C120,0),0)} -> 0 | H120: =IF(G120=0,0,F7) -> 0 | J120: 最后切杆距离
B121: 30-40 | C121: =COUNTIFS(C117,">30",C117,"<=40") -> 1 | D121: {=IFERROR(IF(INDIRECT("C"&(C84*6))="52度",C121,0) + IF(INDIRECT("C"&(C84*6))="56度",C121,0),)} -> 1 | E121: =IF(AND(C82=TRUE, C87=FALSE),D121,0) -> 0 | F121: =IF(D121=0,0,F7) -> 51 | G121: {=IFERROR(IF(AND(INDIRECT("C"&(C84*6))="52度",INDIRECT("C"&(C84*6+3))="沙坑"),C121,0) + IF(AND(INDIRECT("C"&(C84*6))="56度",INDIRECT("C"&(C84*6+3))="沙坑"),C121,0),0)} -> 0 | H121: =IF(G121=0,0,F7) -> 0
B122: 40-50 | C122: =COUNTIFS(C117,">40",C117,"<=50") -> 0 | D122: {=IFERROR(IF(INDIRECT("C"&(C84*6))="52度",C122,0) + IF(INDIRECT("C"&(C84*6))="56度",C122,0),0)} -> 0 | E122: =IF(AND(C82=TRUE, C87=FALSE),D122,0) -> 0 | F122: =IF(D122=0,0,F7) -> 0 | G122: {=IFERROR(IF(AND(INDIRECT("C"&(C84*6))="52度",INDIRECT("C"&(C84*6+3))="沙坑"),C122,0) + IF(AND(INDIRECT("C"&(C84*6))="56度",INDIRECT("C"&(C84*6+3))="沙坑"),C122,0),0)} -> 0 | H122: =IF(G122=0,0,F7) -> 0
H123: 距离 | I123: 是否直攻 | J123: 球杆 | K123: 是否上果岭 | L123: 铁杆距离 | M123: 距洞口距离
A124: 铁杆 | B124: 直攻 | C124: 总数 | D124: 是否上果岭 | E124: 准确度(ft） | G124: 第一攻 | H124: {=IFERROR(INDIRECT("C"&I124) -IF(INDIRECT("C"&(I124+6))=0,ROUND(F7/3,0),INDIRECT("C"&(I124+6))),"")} -> 125 | I124: {=IFERROR(_xlfn._xlws.FILTER(ROW(C6:C65),C6:C65="直攻","")-3,)} -> 13 | J124: {=IFERROR(INDIRECT("C"&I124-1),"")} -> 7铁 | K124: {=IF(INDIRECT("C"&I124+6)>0,FALSE,TRUE)} -> FALSE | L124: =IF(OR(J124="52度",J124="56度"),"",H124) -> 125 | M124: =VLOOKUP(TRUE,K124:L128,2,0)
B125: 50-75 | C125: =COUNTIFS(L124:L128,">50",L124:L128,"<=75") -> 0 | D125: =COUNTIFS(M124,">50",M124,"<=75") -> 0 | E125: =IF(D125=0,0,F7) -> 0 | G125: 第二攻 | H125: {=IFERROR(INDIRECT("C"&I125)-IF(INDIRECT("C"&(I125+6))=0,ROUND(F7/3,0),INDIRECT("C"&(I125+6))),"")} -> 14 | I125: 19 | J125: {=IFERROR(INDIRECT("C"&I125-1),"")} -> 56度 | K125: {=IF(INDIRECT("C"&I125+6)>0,FALSE,TRUE)} -> TRUE | L125: =IF(OR(J125="52度",J125="56度"),"",H125)
...

Sheet 2号洞
B2: 标准杆 | C2: 5 | D2: 杆
B3: 成绩 | C3: 5 | D3: 杆
B5: 挥杆&切杆 | E5: 推杆
B6: 第一杆 | C6: 1号木 | E6: 第一推
B7: 距离： | C7: 475 | D7: yd | E7: 距离： | F7: 6 | G7: ft
B8: 方向： | C8: 偏右 | E8: 第二推
B9: 球位 | C9: 沙坑 | E9: 距离： | G9: ft
B10: 是否直攻 | C10: 过渡 | E10: 第三推
B11: 罚杆 | C11: 0 | D11: 杆 | E11: 距离： | G11: ft
B12: 第二杆 | C12: 球道木 | E12: 第四推
B13: 距离： | C13: 300 | D13: yd | E13: 距离： | G13: ft
B14: 方向： | C14: 直球 | E14: 第五推
B15: 球位 | C15: 球道 | E15: 距离： | G15: ft
B16: 是否直攻 | C16: 过渡 | E16: 第六推
B17: 罚杆 | C17: 0 | D17: 杆 | E17: 距离： | G17: ft
B18: 第三杆 | C18: 球道木 | E18: 第七推
B19: 距离： | C19: 200 | D19: yd | E19: 距离： | G19: ft
B20: 方向： | C20: 偏右 | E20: 第8推
B21: 球位 | C21: 球道 | E21: 距离： | G21: ft
B22: 是否直攻 | C22: 过渡
B23: 罚杆 | C23: 0 | D23: 杆 | E23: 额外罚杆 | G23: 杆
B24: 第四杆 | C24: 56度
B25: 距离： | C25: 99 | D25: yd
B26: 方向： | C26: 直球
B27: 球位 | C27: 球道
B28: 是否直攻 | C28: 直攻
B29: 罚杆 | C29: 0 | D29: 杆
B30: 第五杆
B31: 距离： | D31: yd
B32: 方向：
B33: 球位
B34: 是否直攻
B35: 罚杆 | D35: 杆
B36: 第六杆
B37: 距离： | D37: yd
B38: 方向：
B39: 球位
B40: 是否直攻
B41: 罚杆 | D41: 杆
B42: 第七杆
B43: 距离： | D43: yd
B44: 方向：
B45: 球位
B46: 是否直攻
B47: 罚杆 | D47: 杆
B48: 第八杆
B49: 距离： | D49: yd
B50: 方向：
B51: 球位
B52: 是否直攻
B53: 罚杆 | D53: 杆
B54: 第九杆
B55: 距离： | D55: yd
B56: 方向：
B57: 球位
B58: 是否直攻
B59: 罚杆 | D59: 杆
B60: 第十杆
B61: 距离： | D61: yd
B62: 方向：
B63: 球位
B64: 是否直攻
B65: 罚杆 | D65: 杆
D80: 成绩核对
B81: 总成绩 | C81: =C83+C86+C84 -> 5 | D81: =IF(C81-C3=0,TRUE,FALSE) -> TRUE
B82: PAR or less | C82: =(C81-C2)<=0 -> TRUE
B83: 总罚杆 | C83: =SUM(C11,C17,C23,C29,C35,C41,C47,C53,C59,C65,F23) -> 0
B84: 总挥切杆 | C84: =COUNT(C7,C13,C19,C25,C31,C37,C43,C49,C55,C61) -> 4
B85: 总切杆 | C85: =COUNTIF(C6:D65,"52度")+COUNTIF(C6:D65,"56度") -> 1
B86: 总推杆 | C86: =COUNT(F6:F21) -> 1 | E86: 一推 | F86: =IF(C86=1,1,0) -> 1 | G86: 三推 | H86: =IF(C86>2,1,0) -> 0
B87: 标On | C87: =C2-C84-C83>=2 -> FALSE | E87: 标On推杆 | F87: =IF(C87,C86,0) -> 0
B88: 一切一推 | C88: =C85*C86=1 -> TRUE | F88: 1号木标志 | H88: 长草 | I88: 沙坑 | J88: 直球 | K88: 偏左 | L88: 偏右
B89: 开球距离 | C89: =IF(C84>1,C7-C13,ROUND(C7-F7/3,0)) -> 175 | E89: =IF(C6="1号木",C89,0) -> 175 | F89: =IF(C6="1号木",1,0) -> 1 | H89: =IF(C9="长草",TRUE,FALSE) -> FALSE | I89: =IF(C9="沙坑",TRUE,FALSE) -> TRUE | J89: =IF(C8="直球",TRUE,FALSE) -> FALSE | K89: =IF(C8="偏左",TRUE,FALSE) -> FALSE | L89: =IF(C8="偏右",TRUE,FALSE) -> TRUE
B90: 上球道 | C90: =IF(C9="球道",TRUE,FALSE) -> FALSE | E90: =IF(C6="1号木",C90,0) -> FALSE | F90: =IF(C6="1号木",1,0) -> 1 | H90: =IF(F90=1,H89+0,0) -> 0 | I90: =IF(F90=1,I89+0,0) -> 1 | J90: =IF(F90=1,J89+0,0) -> 0 | K90: =IF(F90=1,K89+0,0) -> 0 | L90: =IF(F90=1,L89+0,0) -> 1
D92: 是否推进
A93: 推杆 | B93: 0-3 | C93: =COUNTIFS(I101:I108,">0",I101:I108,"<=3") -> 0 | D93: =COUNTIF(C98,"<=3") -> 0
B94: 3-9 | C94: =COUNTIFS(I101:I108,">3",I101:I108,"<=9") -> 1 | D94: =COUNTIFS(C98,">3",C98,"<=9") -> 1
B95: 9-15 | C95: =COUNTIFS(I101:I108,">9",I101:I108,"<=15") -> 0 | D95: =COUNTIFS(C98,">9",C98,"<=15") -> 0
B96: 15-30 | C96: =COUNTIFS(I101:I108,">15",I101:I108,"<=30") -> 0 | D96: =COUNTIFS(C98,">15",C98,"<=30") -> 0
B97: 30以上 | C97: =COUNTIFS(I101:I108,">30") -> 0 | D97: =COUNTIF(C98,">30") -> 0
B98: 推杆距离 | C98: {=INDIRECT("F"&(5+C86*2))} -> 6
E100: 是否三推 | I100: 推杆距离
A101: 三推 | B101: 9-15 | C101: =COUNTIFS(F7,">9",F7,"<=15") -> 0 | E101: =IF(C101=0,0,IF(COUNTIF(I101:I108,">0")>2,1,0)) -> 0 | H101: 1推 | I101: =F7-F9 -> 6
B102: 15-30 | C102: =COUNTIFS(F7,">15",F7,"<=30") -> 0 | E102: =IF(C102=0,0,IF(COUNTIF(I101:I108,">0")>2,1,0)) -> 0 | H102: 2推 | I102: =F9-F11 -> 0
B103: 30以上 | C103: =COUNTIFS(F7,">30") -> 0 | E103: =IF(C103=0,0,IF(COUNTIF(I101:I108,">0")>2,1,0)) -> 0 | H103: 3推 | I103: =F11-F13 -> 0
H104: 4推 | I104: =F13-F15 -> 0
H105: 5推 | I105: =F14-F16 -> 0
H106: 6推 | I106: =F16-F18 -> 0
H107: 7推 | I107: =F19-F21 -> 0
H108: 8推 | I108: =F21-0 -> 0
D116: 球杆
A117: 救球 | B117: 切杆距离 | C117: {=INDIRECT("C"&(1+C84*6))} -> 99 | D117: {=IFERROR(INDIRECT("C"&(C84*6)),0)} -> 56度 | E117: 是否救球 | F117: 剩余距离 | G117: 是否沙坑 | H117: 剩余距离 | I117: 救球条件 | J117: 1有切杆
B118: 0-10 | C118: =COUNTIFS(C117,">0",C117,"<=10") -> 0 | D118: {=IFERROR(IF(INDIRECT("C"&(C84*6))="52度",C118,0) + IF(INDIRECT("C"&(C84*6))="56度",C118,0),0)} -> 0 | E118: =IF(AND(C82=TRUE, C87=FALSE),D118,0) -> 0 | F118: =IF(D118=0,0,F7) -> 0 | G118: {=IFERROR(IF(AND(INDIRECT("C"&(C84*6))="52度",INDIRECT("C"&(C84*6+3))="沙坑"),C118,0) + IF(AND(INDIRECT("C"&(C84*6))="56度",INDIRECT("C"&(C84*6+3))="沙坑"),C118,0),0)} -> 0 | H118: =IF(G118=0,0,F7) -> 0 | J118: 2par
B119: 10-20 | C119: =COUNTIFS(C117,">10",C117,"<=20") -> 0 | D119: {=IFERROR(IF(INDIRECT("C"&(C84*6))="52度",C119,0) + IF(INDIRECT("C"&(C84*6))="56度",C119,0),0)} -> 0 | E119: =IF(AND(C82=TRUE, C87=FALSE),D119,0) -> 0 | F119: =IF(D119=0,0,F7) -> 0 | G119: {=IFERROR(IF(AND(INDIRECT("C"&(C84*6))="52度",INDIRECT("C"&(C84*6+3))="沙坑"),C119,0) + IF(AND(INDIRECT("C"&(C84*6))="56度",INDIRECT("C"&(C84*6+3))="沙坑"),C119,0),)} -> 0 | H119: =IF(G119=0,0,F7) -> 0 | J119: 3不标on
B120: 20-30 | C120: =COUNTIFS(C117,">20",C117,"<=30") -> 0 | D120: {=IFERROR(IF(INDIRECT("C"&(C84*6))="52度",C120,0) + IF(INDIRECT("C"&(C84*6))="56度",C120,0),0)} -> 0 | E120: =IF(AND(C82=TRUE, C87=FALSE),D120,0) -> 0 | F120: =IF(D120=0,0,F7) -> 0 | G120: {=IFERROR(IF(AND(INDIRECT("C"&(C84*6))="52度",INDIRECT("C"&(C84*6+3))="沙坑"),C120,0) + IF(AND(INDIRECT("C"&(C84*6))="56度",INDIRECT("C"&(C84*6+3))="沙坑"),C120,0),0)} -> 0 | H120: =IF(G120=0,0,F7) -> 0 | J120: 最后切杆距离
B121: 30-40 | C121: =COUNTIFS(C117,">30",C117,"<=40") -> 0 | D121: {=IFERROR(IF(INDIRECT("C"&(C84*6))="52度",C121,0) + IF(INDIRECT("C"&(C84*6))="56度",C121,0),)} -> 0 | E121: =IF(AND(C82=TRUE, C87=FALSE),D121,0) -> 0 | F121: =IF(D121=0,0,F7) -> 0 | G121: {=IFERROR(IF(AND(INDIRECT("C"&(C84*6))="52度",INDIRECT("C"&(C84*6+3))="沙坑"),C121,0) + IF(AND(INDIRECT("C"&(C84*6))="56度",INDIRECT("C"&(C84*6+3))="沙坑"),C121,0),0)} -> 0 | H121: =IF(G121=0,0,F7) -> 0
B122: 40-50 | C122: =COUNTIFS(C117,">40",C117,"<=50") -> 0 | D122: {=IFERROR(IF(INDIRECT("C"&(C84*6))="52度",C122,0) + IF(INDIRECT("C"&(C84*6))="56度",C122,0),0)} -> 0 | E122: =IF(AND(C82=TRUE, C87=FALSE),D122,0) -> 0 | F122: =IF(D122=0,0,F7) -> 0 | G122: {=IFERROR(IF(AND(INDIRECT("C"&(C84*6))="52度",INDIRECT("C"&(C84*6+3))="沙坑"),C122,0) + IF(AND(INDIRECT("C"&(C84*6))="56度",INDIRECT("C"&(C84*6+3))="沙坑"),C122,0),0)} -> 0 | H122: =IF(G122=0,0,F7) -> 0
H123: 距离 | I123: 是否直攻 | J123: 球杆 | K123: 是否上果岭 | L123: 铁杆距离 | M123: 距洞口距离
A124: 铁杆 | B124: 直攻 | C124: 总数 | D124: 是否上果岭 | E124: 准确度(ft） | G124: 第一攻 | H124: {=IFERROR(INDIRECT("C"&I124) -IF(INDIRECT("C"&(I124+6))=0,ROUND(F7/3,0),INDIRECT("C"&(I124+6))),"")} -> 97 | I124: {=IFERROR(_xlfn._xlws.FILTER(ROW(C6:C65),C6:C65="直攻","")-3,)} -> 25 | J124: {=IFERROR(INDIRECT("C"&I124-1),"")} -> 56度 | K124: {=IF(INDIRECT("C"&I124+6)>0,FALSE,TRUE)} -> TRUE | L124: =IF(OR(J124="52度",J124="56度"),"",H124) | M124: =VLOOKUP(TRUE,K124:L128,2,0)
B125: 50-75 | C125: =COUNTIFS(L124:L128,">50",L124:L128,"<=75") -> 0 | D125: =COUNTIFS(M124,">50",M124,"<=75") -> 0 | E125: =IF(D125=0,0,F7) -> 0 | G125: 第二攻 | H125: {=IFERROR(INDIRECT("C"&I125)-IF(INDIRECT("C"&(I125+6))=0,ROUND(F7/3,0),INDIRECT("C"&(I125+6))),"")} | J125: {=IFERROR(INDIRECT("C"&I125-1),"")} | K125: {=IF(INDIRECT("C"&I125+6)>0,FALSE,TRUE)} -> FALSE | L125: =IF(OR(J125="52度",J125="56度"),"",H125)
...

Sheet 3号洞
B2: 标准杆 | C2: 4 | D2: 杆
B3: 成绩 | C3: 4 | D3: 杆
B5: 挥杆&切杆 | E5: 推杆
B6: 第一杆 | C6: 1号木 | E6: 第一推
B7: 距离： | C7: 298 | D7: yd | E7: 距离： | F7: 66 | G7: ft
B8: 方向： | C8: 直球 | E8: 第二推
B9: 球位 | C9: 球道 | E9: 距离： | F9: 6 | G9: ft
B10: 是否直攻 | C10: 过渡 | E10: 第三推
B11: 罚杆 | C11: 0 | D11: 杆 | E11: 距离： | G11: ft
B12: 第二杆 | C12: 7铁 | E12: 第四推
B13: 距离： | C13: 115 | D13: yd | E13: 距离： | G13: ft
B14: 方向： | C14: 偏右 | E14: 第五推
B15: 球位 | C15: 球道 | E15: 距离： | G15: ft
B16: 是否直攻 | C16: 直攻 | E16: 第六推
B17: 罚杆 | C17: 0 | D17: 杆 | E17: 距离： | G17: ft
B18: 第三杆 | E18: 第七推
B19: 距离： | D19: yd | E19: 距离： | G19: ft
B20: 方向： | E20: 第8推
B21: 球位 | E21: 距离： | G21: ft
B22: 是否直攻
B23: 罚杆 | D23: 杆 | E23: 额外罚杆 | G23: 杆
B24: 第四杆
B25: 距离： | D25: yd
B26: 方向：
B27: 球位
B28: 是否直攻
B29: 罚杆 | D29: 杆
B30: 第五杆
B31: 距离： | D31: yd
B32: 方向：
B33: 球位
B34: 是否直攻
B35: 罚杆 | D35: 杆
B36: 第六杆
B37: 距离： | D37: yd
B38: 方向：
B39: 球位
B40: 是否直攻
B41: 罚杆 | D41: 杆
B42: 第七杆
B43: 距离： | D43: yd
B44: 方向：
B45: 球位
B46: 是否直攻
B47: 罚杆 | D47: 杆
B48: 第八杆
B49: 距离： | D49: yd
B50: 方向：
B51: 球位
B52: 是否直攻
B53: 罚杆 | D53: 杆
B54: 第九杆
B55: 距离： | D55: yd
B56: 方向：
B57: 球位
B58: 是否直攻
B59: 罚杆 | D59: 杆
B60: 第十杆
B61: 距离： | D61: yd
B62: 方向：
B63: 球位
B64: 是否直攻
B65: 罚杆 | D65: 杆
D80: 成绩核对
B81: 总成绩 | C81: =C83+C86+C84 -> 4 | D81: =IF(C81-C3=0,TRUE,FALSE) -> TRUE
B82: PAR or less | C82: =(C81-C2)<=0 -> TRUE
B83: 总罚杆 | C83: =SUM(C11,C17,C23,C29,C35,C41,C47,C53,C59,C65,F23) -> 0
B84: 总挥切杆 | C84: =COUNT(C7,C13,C19,C25,C31,C37,C43,C49,C55,C61) -> 2
B85: 总切杆 | C85: =COUNTIF(C6:D65,"52度")+COUNTIF(C6:D65,"56度") -> 0
B86: 总推杆 | C86: =COUNT(F6:F21) -> 2 | E86: 一推 | F86: =IF(C86=1,1,0) -> 0 | G86: 三推 | H86: =IF(C86>2,1,0) -> 0
B87: 标On | C87: =C2-C84-C83>=2 -> TRUE | E87: 标On推杆 | F87: =IF(C87,C86,0) -> 2
B88: 一切一推 | C88: =C85*C86=1 -> FALSE | F88: 1号木标志 | H88: 长草 | I88: 沙坑 | J88: 直球 | K88: 偏左 | L88: 偏右
B89: 开球距离 | C89: =IF(C84>1,C7-C13,ROUND(C7-F7/3,0)) -> 183 | E89: =IF(C6="1号木",C89,0) -> 183 | F89: =IF(C6="1号木",1,0) -> 1 | H89: =IF(C9="长草",TRUE,FALSE) -> FALSE | I89: =IF(C9="沙坑",TRUE,FALSE) -> FALSE | J89: =IF(C8="直球",TRUE,FALSE) -> TRUE | K89: =IF(C8="偏左",TRUE,FALSE) -> FALSE | L89: =IF(C8="偏右",TRUE,FALSE) -> FALSE
B90: 上球道 | C90: =IF(C9="球道",TRUE,FALSE) -> TRUE | E90: =IF(C6="1号木",C90,0) -> TRUE | F90: =IF(C6="1号木",1,0) -> 1 | H90: =IF(F90=1,H89+0,0) -> 0 | I90: =IF(F90=1,I89+0,0) -> 0 | J90: =IF(F90=1,J89+0,0) -> 1 | K90: =IF(F90=1,K89+0,0) -> 0 | L90: =IF(F90=1,L89+0,0) -> 0
D92: 是否推进
A93: 推杆 | B93: 0-3 | C93: =COUNTIFS(I101:I108,">0",I101:I108,"<=3") -> 0 | D93: =COUNTIF(C98,"<=3") -> 0
B94: 3-9 | C94: =COUNTIFS(I101:I108,">3",I101:I108,"<=9") -> 1 | D94: =COUNTIFS(C98,">3",C98,"<=9") -> 1
B95: 9-15 | C95: =COUNTIFS(I101:I108,">9",I101:I108,"<=15") -> 0 | D95: =COUNTIFS(C98,">9",C98,"<=15") -> 0
B96: 15-30 | C96: =COUNTIFS(I101:I108,">15",I101:I108,"<=30") -> 0 | D96: =COUNTIFS(C98,">15",C98,"<=30") -> 0
B97: 30以上 | C97: =COUNTIFS(I101:I108,">30") -> 1 | D97: =COUNTIF(C98,">30") -> 0
B98: 推杆距离 | C98: {=INDIRECT("F"&(5+C86*2))} -> 6
E100: 是否三推 | I100: 推杆距离
A101: 三推 | B101: 9-15 | C101: =COUNTIFS(F7,">9",F7,"<=15") -> 0 | E101: =IF(C101=0,0,IF(COUNTIF(I101:I108,">0")>2,1,0)) -> 0 | H101: 1推 | I101: =F7-F9 -> 60
B102: 15-30 | C102: =COUNTIFS(F7,">15",F7,"<=30") -> 0 | E102: =IF(C102=0,0,IF(COUNTIF(I101:I108,">0")>2,1,0)) -> 0 | H102: 2推 | I102: =F9-F11 -> 6
B103: 30以上 | C103: =COUNTIFS(F7,">30") -> 1 | E103: =IF(C103=0,0,IF(COUNTIF(I101:I108,">0")>2,1,0)) -> 0 | H103: 3推 | I103: =F11-F13 -> 0
H104: 4推 | I104: =F13-F15 -> 0
H105: 5推 | I105: =F14-F16 -> 0
H106: 6推 | I106: =F16-F18 -> 0
H107: 7推 | I107: =F19-F21 -> 0
H108: 8推 | I108: =F21-0 -> 0
D116: 球杆
A117: 救球 | B117: 切杆距离 | C117: {=INDIRECT("C"&(1+C84*6))} -> 115 | D117: {=IFERROR(INDIRECT("C"&(C84*6)),0)} -> 7铁 | E117: 是否救球 | F117: 剩余距离 | G117: 是否沙坑 | H117: 剩余距离 | I117: 救球条件 | J117: 1有切杆
B118: 0-10 | C118: =COUNTIFS(C117,">0",C117,"<=10") -> 0 | D118: {=IFERROR(IF(INDIRECT("C"&(C84*6))="52度",C118,0) + IF(INDIRECT("C"&(C84*6))="56度",C118,0),0)} -> 0 | E118: =IF(AND(C82=TRUE, C87=FALSE),D118,0) -> 0 | F118: =IF(D118=0,0,F7) -> 0 | G118: {=IFERROR(IF(AND(INDIRECT("C"&(C84*6))="52度",INDIRECT("C"&(C84*6+3))="沙坑"),C118,0) + IF(AND(INDIRECT("C"&(C84*6))="56度",INDIRECT("C"&(C84*6+3))="沙坑"),C118,0),0)} -> 0 | H118: =IF(G118=0,0,F7) -> 0 | J118: 2par
B119: 10-20 | C119: =COUNTIFS(C117,">10",C117,"<=20") -> 0 | D119: {=IFERROR(IF(INDIRECT("C"&(C84*6))="52度",C119,0) + IF(INDIRECT("C"&(C84*6))="56度",C119,0),0)} -> 0 | E119: =IF(AND(C82=TRUE, C87=FALSE),D119,0) -> 0 | F119: =IF(D119=0,0,F7) -> 0 | G119: {=IFERROR(IF(AND(INDIRECT("C"&(C84*6))="52度",INDIRECT("C"&(C84*6+3))="沙坑"),C119,0) + IF(AND(INDIRECT("C"&(C84*6))="56度",INDIRECT("C"&(C84*6+3))="沙坑"),C119,0),)} -> 0 | H119: =IF(G119=0,0,F7) -> 0 | J119: 3不标on
B120: 20-30 | C120: =COUNTIFS(C117,">20",C117,"<=30") -> 0 | D120: {=IFERROR(IF(INDIRECT("C"&(C84*6))="52度",C120,0) + IF(INDIRECT("C"&(C84*6))="56度",C120,0),0)} -> 0 | E120: =IF(AND(C82=TRUE, C87=FALSE),D120,0) -> 0 | F120: =IF(D120=0,0,F7) -> 0 | G120: {=IFERROR(IF(AND(INDIRECT("C"&(C84*6))="52度",INDIRECT("C"&(C84*6+3))="沙坑"),C120,0) + IF(AND(INDIRECT("C"&(C84*6))="56度",INDIRECT("C"&(C84*6+3))="沙坑"),C120,0),0)} -> 0 | H120: =IF(G120=0,0,F7) -> 0 | J120: 最后切杆距离
B121: 30-40 | C121: =COUNTIFS(C117,">30",C117,"<=40") -> 0 | D121: {=IFERROR(IF(INDIRECT("C"&(C84*6))="52度",C121,0) + IF(INDIRECT("C"&(C84*6))="56度",C121,0),)} -> 0 | E121: =IF(AND(C82=TRUE, C87=FALSE),D121,0) -> 0 | F121: =IF(D121=0,0,F7) -> 0 | G121: {=IFERROR(IF(AND(INDIRECT("C"&(C84*6))="52度",INDIRECT("C"&(C84*6+3))="沙坑"),C121,0) + IF(AND(INDIRECT("C"&(C84*6))="56度",INDIRECT("C"&(C84*6+3))="沙坑"),C121,0),0)} -> 0 | H121: =IF(G121=0,0,F7) -> 0
B122: 40-50 | C122: =COUNTIFS(C117,">40",C117,"<=50") -> 0 | D122: {=IFERROR(IF(INDIRECT("C"&(C84*6))="52度",C122,0) + IF(INDIRECT("C"&(C84*6))="56度",C122,0),0)} -> 0 | E122: =IF(AND(C82=TRUE, C87=FALSE),D122,0) -> 0 | F122: =IF(D122=0,0,F7) -> 0 | G122: {=IFERROR(IF(AND(INDIRECT("C"&(C84*6))="52度",INDIRECT("C"&(C84*6+3))="沙坑"),C122,0) + IF(AND(INDIRECT("C"&(C84*6))="56度",INDIRECT("C"&(C84*6+3))="沙坑"),C122,0),0)} -> 0 | H122: =IF(G122=0,0,F7) -> 0
H123: 距离 | I123: 是否直攻 | J123: 球杆 | K123: 是否上果岭 | L123: 铁杆距离 | M123: 距洞口距离
A124: 铁杆 | B124: 直攻 | C124: 总数 | D124: 是否上果岭 | E124: 准确度(ft） | G124: 第一攻 | H124: {=IFERROR(INDIRECT("C"&I124) -IF(INDIRECT("C"&(I124+6))=0,ROUND(F7/3,0),INDIRECT("C"&(I124+6))),"")} -> 93 | I124: {=IFERROR(_xlfn._xlws.FILTER(ROW(C6:C65),C6:C65="直攻","")-3,)} -> 13 | J124: {=IFERROR(INDIRECT("C"&I124-1),"")} -> 7铁 | K124: {=IF(INDIRECT("C"&I124+6)>0,FALSE,TRUE)} -> TRUE | L124: =IF(OR(J124="52度",J124="56度"),"",H124) -> 93 | M124: =VLOOKUP(TRUE,K124:L128,2,0) -> 93
B125: 50-75 | C125: =COUNTIFS(L124:L128,">50",L124:L128,"<=75") -> 0 | D125: =COUNTIFS(M124,">50",M124,"<=75") -> 0 | E125: =IF(D125=0,0,F7) -> 0 | G125: 第二攻 | H125: {=IFERROR(INDIRECT("C"&I125)-IF(INDIRECT("C"&(I125+6))=0,ROUND(F7/3,0),INDIRECT("C"&(I125+6))),"")} | J125: {=IFERROR(INDIRECT("C"&I125-1),"")} | K125: {=IF(INDIRECT("C"&I125+6)>0,FALSE,TRUE)} -> FALSE | L125: =IF(OR(J125="52度",J125="56度"),"",H125)
...

Sheet 4号洞
B2: 标准杆 | C2: 5 | D2: 杆
B3: 成绩 | C3: 6 | D3: 杆
B5: 挥杆&切杆 | E5: 推杆
B6: 第一杆 | C6: 1号木 | E6: 第一推
B7: 距离： | C7: 478 | D7: yd | E7: 距离： | F7: 15 | G7: ft
B8: 方向： | C8: 偏右 | E8: 第二推
B9: 球位 | C9: 球道 | E9: 距离： | F9: 2 | G9: ft
B10: 是否直攻 | C10: 过渡 | E10: 第三推
B11: 罚杆 | C11: 0 | D11: 杆 | E11: 距离： | G11: ft
B12: 第二杆 | C12: 球道木 | E12: 第四推
B13: 距离： | C13: 290 | D13: yd | E13: 距离： | G13: ft
B14: 方向： | C14: 直球 | E14: 第五推
B15: 球位 | C15: 球道 | E15: 距离： | G15: ft
B16: 是否直攻 | C16: 过渡 | E16: 第六推
B17: 罚杆 | C17: 0 | D17: 杆 | E17: 距离： | G17: ft
B18: 第三杆 | C18: 7铁 | E18: 第七推
B19: 距离： | C19: 110 | D19: yd | E19: 距离： | G19: ft
B20: 方向： | C20: 直球 | E20: 第8推
B21: 球位 | C21: 球道 | E21: 距离： | G21: ft
B22: 是否直攻 | C22: 直攻
B23: 罚杆 | C23: 0 | D23: 杆 | E23: 额外罚杆 | G23: 杆
B24: 第四杆 | C24: 56度
B25: 距离： | C25: 49 | D25: yd
B26: 方向： | C26: 直球
B27: 球位 | C27: 球道
B28: 是否直攻 | C28: 直攻
B29: 罚杆 | C29: 0 | D29: 杆
B30: 第五杆
B31: 距离： | D31: yd
B32: 方向：
B33: 球位
B34: 是否直攻
B35: 罚杆 | D35: 杆
B36: 第六杆
B37: 距离： | D37: yd
B38: 方向：
B39: 球位
B40: 是否直攻
B41: 罚杆 | D41: 杆
B42: 第七杆
B43: 距离： | D43: yd
B44: 方向：
B45: 球位
B46: 是否直攻
B47: 罚杆 | D47: 杆
B48: 第八杆
B49: 距离： | D49: yd
B50: 方向：
B51: 球位
B52: 是否直攻
B53: 罚杆 | D53: 杆
B54: 第九杆
B55: 距离： | D55: yd
B56: 方向：
B57: 球位
B58: 是否直攻
B59: 罚杆 | D59: 杆
B60: 第十杆
B61: 距离： | D61: yd
B62: 方向：
B63: 球位
B64: 是否直攻
B65: 罚杆 | D65: 杆
D80: 成绩核对
B81: 总成绩 | C81: =C83+C86+C84 -> 6 | D81: =IF(C81-C3=0,TRUE,FALSE) -> TRUE
B82: PAR or less | C82: =(C81-C2)<=0 -> FALSE
B83: 总罚杆 | C83: =SUM(C11,C17,C23,C29,C35,C41,C47,C53,C59,C65,F23) -> 0
B84: 总挥切杆 | C84: =COUNT(C7,C13,C19,C25,C31,C37,C43,C49,C55,C61) -> 4
B85: 总切杆 | C85: =COUNTIF(C6:D65,"52度")+COUNTIF(C6:D65,"56度") -> 1
B86: 总推杆 | C86: =COUNT(F6:F21) -> 2 | E86: 一推 | F86: =IF(C86=1,1,0) -> 0 | G86: 三推 | H86: =IF(C86>2,1,0) -> 0
B87: 标On | C87: =C2-C84-C83>=2 -> FALSE | E87: 标On推杆 | F87: =IF(C87,C86,0) -> 0
B88: 一切一推 | C88: =C85*C86=1 -> FALSE | F88: 1号木标志 | H88: 长草 | I88: 沙坑 | J88: 直球 | K88: 偏左 | L88: 偏右
B89: 开球距离 | C89: =IF(C84>1,C7-C13,ROUND(C7-F7/3,0)) -> 188 | E89: =IF(C6="1号木",C89,0) -> 188 | F89: =IF(C6="1号木",1,0) -> 1 | H89: =IF(C9="长草",TRUE,FALSE) -> FALSE | I89: =IF(C9="沙坑",TRUE,FALSE) -> FALSE | J89: =IF(C8="直球",TRUE,FALSE) -> FALSE | K89: =IF(C8="偏左",TRUE,FALSE) -> FALSE | L89: =IF(C8="偏右",TRUE,FALSE) -> TRUE
B90: 上球道 | C90: =IF(C9="球道",TRUE,FALSE) -> TRUE | E90: =IF(C6="1号木",C90,0) -> TRUE | F90: =IF(C6="1号木",1,0) -> 1 | H90: =IF(F90=1,H89+0,0) -> 0 | I90: =IF(F90=1,I89+0,0) -> 0 | J90: =IF(F90=1,J89+0,0) -> 0 | K90: =IF(F90=1,K89+0,0) -> 0 | L90: =IF(F90=1,L89+0,0) -> 1
D92: 是否推进
A93: 推杆 | B93: 0-3 | C93: =COUNTIFS(I101:I108,">0",I101:I108,"<=3") -> 1 | D93: =COUNTIF(C98,"<=3") -> 1
B94: 3-9 | C94: =COUNTIFS(I101:I108,">3",I101:I108,"<=9") -> 0 | D94: =COUNTIFS(C98,">3",C98,"<=9") -> 0
B95: 9-15 | C95: =COUNTIFS(I101:I108,">9",I101:I108,"<=15") -> 1 | D95: =COUNTIFS(C98,">9",C98,"<=15") -> 0
B96: 15-30 | C96: =COUNTIFS(I101:I108,">15",I101:I108,"<=30") -> 0 | D96: =COUNTIFS(C98,">15",C98,"<=30") -> 0
B97: 30以上 | C97: =COUNTIFS(I101:I108,">30") -> 0 | D97: =COUNTIF(C98,">30") -> 0
B98: 推杆距离 | C98: {=INDIRECT("F"&(5+C86*2))} -> 2
E100: 是否三推 | I100: 推杆距离
A101: 三推 | B101: 9-15 | C101: =COUNTIFS(F7,">9",F7,"<=15") -> 1 | E101: =IF(C101=0,0,IF(COUNTIF(I101:I108,">0")>2,1,0)) -> 0 | H101: 1推 | I101: =F7-F9 -> 13
B102: 15-30 | C102: =COUNTIFS(F7,">15",F7,"<=30") -> 0 | E102: =IF(C102=0,0,IF(COUNTIF(I101:I108,">0")>2,1,0)) -> 0 | H102: 2推 | I102: =F9-F11 -> 2
B103: 30以上 | C103: =COUNTIFS(F7,">30") -> 0 | E103: =IF(C103=0,0,IF(COUNTIF(I101:I108,">0")>2,1,0)) -> 0 | H103: 3推 | I103: =F11-F13 -> 0
H104: 4推 | I104: =F13-F15 -> 0
H105: 5推 | I105: =F14-F16 -> 0
H106: 6推 | I106: =F16-F18 -> 0
H107: 7推 | I107: =F19-F21 -> 0
H108: 8推 | I108: =F21-0 -> 0
D116: 球杆
A117: 救球 | B117: 切杆距离 | C117: {=INDIRECT("C"&(1+C84*6))} -> 49 | D117: {=IFERROR(INDIRECT("C"&(C84*6)),0)} -> 56度 | E117: 是否救球 | F117: 剩余距离 | G117: 是否沙坑 | H117: 剩余距离 | I117: 救球条件 | J117: 1有切杆
B118: 0-10 | C118: =COUNTIFS(C117,">0",C117,"<=10") -> 0 | D118: {=IFERROR(IF(INDIRECT("C"&(C84*6))="52度",C118,0) + IF(INDIRECT("C"&(C84*6))="56度",C118,0),0)} -> 0 | E118: =IF(AND(C82=TRUE, C87=FALSE),D118,0) -> 0 | F118: =IF(D118=0,0,F7) -> 0 | G118: {=IFERROR(IF(AND(INDIRECT("C"&(C84*6))="52度",INDIRECT("C"&(C84*6+3))="沙坑"),C118,0) + IF(AND(INDIRECT("C"&(C84*6))="56度",INDIRECT("C"&(C84*6+3))="沙坑"),C118,0),0)} -> 0 | H118: =IF(G118=0,0,F7) -> 0 | J118: 2par
B119: 10-20 | C119: =COUNTIFS(C117,">10",C117,"<=20") -> 0 | D119: {=IFERROR(IF(INDIRECT("C"&(C84*6))="52度",C119,0) + IF(INDIRECT("C"&(C84*6))="56度",C119,0),0)} -> 0 | E119: =IF(AND(C82=TRUE, C87=FALSE),D119,0) -> 0 | F119: =IF(D119=0,0,F7) -> 0 | G119: {=IFERROR(IF(AND(INDIRECT("C"&(C84*6))="52度",INDIRECT("C"&(C84*6+3))="沙坑"),C119,0) + IF(AND(INDIRECT("C"&(C84*6))="56度",INDIRECT("C"&(C84*6+3))="沙坑"),C119,0),)} -> 0 | H119: =IF(G119=0,0,F7) -> 0 | J119: 3不标on
B120: 20-30 | C120: =COUNTIFS(C117,">20",C117,"<=30") -> 0 | D120: {=IFERROR(IF(INDIRECT("C"&(C84*6))="52度",C120,0) + IF(INDIRECT("C"&(C84*6))="56度",C120,0),0)} -> 0 | E120: =IF(AND(C82=TRUE, C87=FALSE),D120,0) -> 0 | F120: =IF(D120=0,0,F7) -> 0 | G120: {=IFERROR(IF(AND(INDIRECT("C"&(C84*6))="52度",INDIRECT("C"&(C84*6+3))="沙坑"),C120,0) + IF(AND(INDIRECT("C"&(C84*6))="56度",INDIRECT("C"&(C84*6+3))="沙坑"),C120,0),0)} -> 0 | H120: =IF(G120=0,0,F7) -> 0 | J120: 最后切杆距离
B121: 30-40 | C121: =COUNTIFS(C117,">30",C117,"<=40") -> 0 | D121: {=IFERROR(IF(INDIRECT("C"&(C84*6))="52度",C121,0) + IF(INDIRECT("C"&(C84*6))="56度",C121,0),)} -> 0 | E121: =IF(AND(C82=TRUE, C87=FALSE),D121,0) -> 0 | F121: =IF(D121=0,0,F7) -> 0 | G121: {=IFERROR(IF(AND(INDIRECT("C"&(C84*6))="52度",INDIRECT("C"&(C84*6+3))="沙坑"),C121,0) + IF(AND(INDIRECT("C"&(C84*6))="56度",INDIRECT("C"&(C84*6+3))="沙坑"),C121,0),0)} -> 0 | H121: =IF(G121=0,0,F7) -> 0
B122: 40-50 | C122: =COUNTIFS(C117,">40",C117,"<=50") -> 1 | D122: {=IFERROR(IF(INDIRECT("C"&(C84*6))="52度",C122,0) + IF(INDIRECT("C"&(C84*6))="56度",C122,0),0)} -> 1 | E122: =IF(AND(C82=TRUE, C87=FALSE),D122,0) -> 0 | F122: =IF(D122=0,0,F7) -> 15 | G122: {=IFERROR(IF(AND(INDIRECT("C"&(C84*6))="52度",INDIRECT("C"&(C84*6+3))="沙坑"),C122,0) + IF(AND(INDIRECT("C"&(C84*6))="56度",INDIRECT("C"&(C84*6+3))="沙坑"),C122,0),0)} -> 0 | H122: =IF(G122=0,0,F7) -> 0
H123: 距离 | I123: 是否直攻 | J123: 球杆 | K123: 是否上果岭 | L123: 铁杆距离 | M123: 距洞口距离
A124: 铁杆 | B124: 直攻 | C124: 总数 | D124: 是否上果岭 | E124: 准确度(ft） | G124: 第一攻 | H124: {=IFERROR(INDIRECT("C"&I124) -IF(INDIRECT("C"&(I124+6))=0,ROUND(F7/3,0),INDIRECT("C"&(I124+6))),"")} -> 61 | I124: {=IFERROR(_xlfn._xlws.FILTER(ROW(C6:C65),C6:C65="直攻","")-3,)} -> 19 | J124: {=IFERROR(INDIRECT("C"&I124-1),"")} -> 7铁 | K124: {=IF(INDIRECT("C"&I124+6)>0,FALSE,TRUE)} -> FALSE | L124: =IF(OR(J124="52度",J124="56度"),"",H124) -> 61 | M124: =VLOOKUP(TRUE,K124:L128,2,0)
B125: 50-75 | C125: =COUNTIFS(L124:L128,">50",L124:L128,"<=75") -> 1 | D125: =COUNTIFS(M124,">50",M124,"<=75") -> 0 | E125: =IF(D125=0,0,F7) -> 0 | G125: 第二攻 | H125: {=IFERROR(INDIRECT("C"&I125)-IF(INDIRECT("C"&(I125+6))=0,ROUND(F7/3,0),INDIRECT("C"&(I125+6))),"")} -> 44 | I125: 25 | J125: {=IFERROR(INDIRECT("C"&I125-1),"")} -> 56度 | K125: {=IF(INDIRECT("C"&I125+6)>0,FALSE,TRUE)} -> TRUE | L125: =IF(OR(J125="52度",J125="56度"),"",H125)
...

Sheet 5号洞
B2: 标准杆 | C2: 3 | D2: 杆
B3: 成绩 | C3: 3 | D3: 杆
B5: 挥杆&切杆 | E5: 推杆
B6: 第一杆 | C6: 7铁 | E6: 第一推
B7: 距离： | C7: 126 | D7: yd | E7: 距离： | F7: 6 | G7: ft
B8: 方向： | C8: 直球 | E8: 第二推
B9: 球位 | C9: 球道 | E9: 距离： | G9: ft
B10: 是否直攻 | C10: 直攻 | E10: 第三推
B11: 罚杆 | C11: 0 | D11: 杆 | E11: 距离： | G11: ft
B12: 第二杆 | C12: 56度 | E12: 第四推
B13: 距离： | C13: 10 | D13: yd | E13: 距离： | G13: ft
B14: 方向： | C14: 直球 | E14: 第五推
B15: 球位 | C15: 球道 | E15: 距离： | G15: ft
B16: 是否直攻 | C16: 直攻 | E16: 第六推
B17: 罚杆 | C17: 0 | D17: 杆 | E17: 距离： | G17: ft
B18: 第三杆 | E18: 第七推
B19: 距离： | D19: yd | E19: 距离： | G19: ft
B20: 方向： | E20: 第8推
B21: 球位 | E21: 距离： | G21: ft
B22: 是否直攻
B23: 罚杆 | D23: 杆 | E23: 额外罚杆 | G23: 杆
B24: 第四杆
B25: 距离： | D25: yd
B26: 方向：
B27: 球位
B28: 是否直攻
B29: 罚杆 | D29: 杆
B30: 第五杆
B31: 距离： | D31: yd
B32: 方向：
B33: 球位
B34: 是否直攻
B35: 罚杆 | D35: 杆
B36: 第六杆
B37: 距离： | D37: yd
B38: 方向：
B39: 球位
B40: 是否直攻
B41: 罚杆 | D41: 杆
B42: 第七杆
B43: 距离： | D43: yd
B44: 方向：
B45: 球位
B46: 是否直攻
B47: 罚杆 | D47: 杆
B48: 第八杆
B49: 距离： | D49: yd
B50: 方向：
B51: 球位
B52: 是否直攻
B53: 罚杆 | D53: 杆
B54: 第九杆
B55: 距离： | D55: yd
B56: 方向：
B57: 球位
B58: 是否直攻
B59: 罚杆 | D59: 杆
B60: 第十杆
B61: 距离： | D61: yd
B62: 方向：
B63: 球位
B64: 是否直攻
B65: 罚杆 | D65: 杆
D80: 成绩核对
B81: 总成绩 | C81: =C83+C86+C84 -> 3 | D81: =IF(C81-C3=0,TRUE,FALSE) -> TRUE
B82: PAR or less | C82: =(C81-C2)<=0 -> TRUE
B83: 总罚杆 | C83: =SUM(C11,C17,C23,C29,C35,C41,C47,C53,C59,C65,F23) -> 0
B84: 总挥切杆 | C84: =COUNT(C7,C13,C19,C25,C31,C37,C43,C49,C55,C61) -> 2
B85: 总切杆 | C85: =COUNTIF(C6:D65,"52度")+COUNTIF(C6:D65,"56度") -> 1
B86: 总推杆 | C86: =COUNT(F6:F21) -> 1 | E86: 一推 | F86: =IF(C86=1,1,0) -> 1 | G86: 三推 | H86: =IF(C86>2,1,0) -> 0
B87: 标On | C87: =C2-C84-C83>=2 -> FALSE | E87: 标On推杆 | F87: =IF(C87,C86,0) -> 0
B88: 一切一推 | C88: =C85*C86=1 -> TRUE | F88: 1号木标志 | H88: 长草 | I88: 沙坑 | J88: 直球 | K88: 偏左 | L88: 偏右
B89: 开球距离 | C89: =IF(C84>1,C7-C13,ROUND(C7-F7/3,0)) -> 116 | E89: =IF(C6="1号木",C89,0) -> 0 | F89: =IF(C6="1号木",1,0) -> 0 | H89: =IF(C9="长草",TRUE,FALSE) -> FALSE | I89: =IF(C9="沙坑",TRUE,FALSE) -> FALSE | J89: =IF(C8="直球",TRUE,FALSE) -> TRUE | K89: =IF(C8="偏左",TRUE,FALSE) -> FALSE | L89: =IF(C8="偏右",TRUE,FALSE) -> FALSE
B90: 上球道 | C90: =IF(C9="球道",TRUE,FALSE) -> TRUE | E90: =IF(C6="1号木",C90,0) -> 0 | F90: =IF(C6="1号木",1,0) -> 0 | H90: =IF(F90=1,H89+0,0) -> 0 | I90: =IF(F90=1,I89+0,0) -> 0 | J90: =IF(F90=1,J89+0,0) -> 0 | K90: =IF(F90=1,K89+0,0) -> 0 | L90: =IF(F90=1,L89+0,0) -> 0
D92: 是否推进
A93: 推杆 | B93: 0-3 | C93: =COUNTIFS(I101:I108,">0",I101:I108,"<=3") -> 0 | D93: =COUNTIF(C98,"<=3") -> 0
B94: 3-9 | C94: =COUNTIFS(I101:I108,">3",I101:I108,"<=9") -> 1 | D94: =COUNTIFS(C98,">3",C98,"<=9") -> 1
B95: 9-15 | C95: =COUNTIFS(I101:I108,">9",I101:I108,"<=15") -> 0 | D95: =COUNTIFS(C98,">9",C98,"<=15") -> 0
B96: 15-30 | C96: =COUNTIFS(I101:I108,">15",I101:I108,"<=30") -> 0 | D96: =COUNTIFS(C98,">15",C98,"<=30") -> 0
B97: 30以上 | C97: =COUNTIFS(I101:I108,">30") -> 0 | D97: =COUNTIF(C98,">30") -> 0
B98: 推杆距离 | C98: {=INDIRECT("F"&(5+C86*2))} -> 6
E100: 是否三推 | I100: 推杆距离
A101: 三推 | B101: 9-15 | C101: =COUNTIFS(F7,">9",F7,"<=15") -> 0 | E101: =IF(C101=0,0,IF(COUNTIF(I101:I108,">0")>2,1,0)) -> 0 | H101: 1推 | I101: =F7-F9 -> 6
B102: 15-30 | C102: =COUNTIFS(F7,">15",F7,"<=30") -> 0 | E102: =IF(C102=0,0,IF(COUNTIF(I101:I108,">0")>2,1,0)) -> 0 | H102: 2推 | I102: =F9-F11 -> 0
B103: 30以上 | C103: =COUNTIFS(F7,">30") -> 0 | E103: =IF(C103=0,0,IF(COUNTIF(I101:I108,">0")>2,1,0)) -> 0 | H103: 3推 | I103: =F11-F13 -> 0
H104: 4推 | I104: =F13-F15 -> 0
H105: 5推 | I105: =F14-F16 -> 0
H106: 6推 | I106: =F16-F18 -> 0
H107: 7推 | I107: =F19-F21 -> 0
H108: 8推 | I108: =F21-0 -> 0
D116: 球杆
A117: 救球 | B117: 切杆距离 | C117: {=INDIRECT("C"&(1+C84*6))} -> 10 | D117: {=IFERROR(INDIRECT("C"&(C84*6)),0)} -> 56度 | E117: 是否救球 | F117: 剩余距离 | G117: 是否沙坑 | H117: 剩余距离 | I117: 救球条件 | J117: 1有切杆
B118: 0-10 | C118: =COUNTIFS(C117,">0",C117,"<=10") -> 1 | D118: {=IFERROR(IF(INDIRECT("C"&(C84*6))="52度",C118,0) + IF(INDIRECT("C"&(C84*6))="56度",C118,0),0)} -> 1 | E118: =IF(AND(C82=TRUE, C87=FALSE),D118,0) -> 1 | F118: =IF(D118=0,0,F7) -> 6 | G118: {=IFERROR(IF(AND(INDIRECT("C"&(C84*6))="52度",INDIRECT("C"&(C84*6+3))="沙坑"),C118,0) + IF(AND(INDIRECT("C"&(C84*6))="56度",INDIRECT("C"&(C84*6+3))="沙坑"),C118,0),0)} -> 0 | H118: =IF(G118=0,0,F7) -> 0 | J118: 2par
B119: 10-20 | C119: =COUNTIFS(C117,">10",C117,"<=20") -> 0 | D119: {=IFERROR(IF(INDIRECT("C"&(C84*6))="52度",C119,0) + IF(INDIRECT("C"&(C84*6))="56度",C119,0),0)} -> 0 | E119: =IF(AND(C82=TRUE, C87=FALSE),D119,0) -> 0 | F119: =IF(D119=0,0,F7) -> 0 | G119: {=IFERROR(IF(AND(INDIRECT("C"&(C84*6))="52度",INDIRECT("C"&(C84*6+3))="沙坑"),C119,0) + IF(AND(INDIRECT("C"&(C84*6))="56度",INDIRECT("C"&(C84*6+3))="沙坑"),C119,0),)} -> 0 | H119: =IF(G119=0,0,F7) -> 0 | J119: 3不标on
B120: 20-30 | C120: =COUNTIFS(C117,">20",C117,"<=30") -> 0 | D120: {=IFERROR(IF(INDIRECT("C"&(C84*6))="52度",C120,0) + IF(INDIRECT("C"&(C84*6))="56度",C120,0),0)} -> 0 | E120: =IF(AND(C82=TRUE, C87=FALSE),D120,0) -> 0 | F120: =IF(D120=0,0,F7) -> 0 | G120: {=IFERROR(IF(AND(INDIRECT("C"&(C84*6))="52度",INDIRECT("C"&(C84*6+3))="沙坑"),C120,0) + IF(AND(INDIRECT("C"&(C84*6))="56度",INDIRECT("C"&(C84*6+3))="沙坑"),C120,0),0)} -> 0 | H120: =IF(G120=0,0,F7) -> 0 | J120: 最后切杆距离
B121: 30-40 | C121: =COUNTIFS(C117,">30",C117,"<=40") -> 0 | D121: {=IFERROR(IF(INDIRECT("C"&(C84*6))="52度",C121,0) + IF(INDIRECT("C"&(C84*6))="56度",C121,0),)} -> 0 | E121: =IF(AND(C82=TRUE, C87=FALSE),D121,0) -> 0 | F121: =IF(D121=0,0,F7) -> 0 | G121: {=IFERROR(IF(AND(INDIRECT("C"&(C84*6))="52度",INDIRECT("C"&(C84*6+3))="沙坑"),C121,0) + IF(AND(INDIRECT("C"&(C84*6))="56度",INDIRECT("C"&(C84*6+3))="沙坑"),C121,0),0)} -> 0 | H121: =IF(G121=0,0,F7) -> 0
B122: 40-50 | C122: =COUNTIFS(C117,">40",C117,"<=50") -> 0 | D122: {=IFERROR(IF(INDIRECT("C"&(C84*6))="52度",C122,0) + IF(INDIRECT("C"&(C84*6))="56度",C122,0),0)} -> 0 | E122: =IF(AND(C82=TRUE, C87=FALSE),D122,0) -> 0 | F122: =IF(D122=0,0,F7) -> 0 | G122: {=IFERROR(IF(AND(INDIRECT("C"&(C84*6))="52度",INDIRECT("C"&(C84*6+3))="沙坑"),C122,0) + IF(AND(INDIRECT("C"&(C84*6))="56度",INDIRECT("C"&(C84*6+3))="沙坑"),C122,0),0)} -> 0 | H122: =IF(G122=0,0,F7) -> 0
H123: 距离 | I123: 是否直攻 | J123: 球杆 | K123: 是否上果岭 | L123: 铁杆距离 | M123: 距洞口距离
A124: 铁杆 | B124: 直攻 | C124: 总数 | D124: 是否上果岭 | E124: 准确度(ft） | G124: 第一攻 | H124: {=IFERROR(INDIRECT("C"&I124) -IF(INDIRECT("C"&(I124+6))=0,ROUND(F7/3,0),INDIRECT("C"&(I124+6))),"")} -> 116 | I124: {=IFERROR(_xlfn._xlws.FILTER(ROW(C6:C65),C6:C65="直攻","")-3,)} -> 7 | J124: {=IFERROR(INDIRECT("C"&I124-1),"")} -> 7铁 | K124: {=IF(INDIRECT("C"&I124+6)>0,FALSE,TRUE)} -> FALSE | L124: =IF(OR(J124="52度",J124="56度"),"",H124) -> 116 | M124: =VLOOKUP(TRUE,K124:L128,2,0)
B125: 50-75 | C125: =COUNTIFS(L124:L128,">50",L124:L128,"<=75") -> 0 | D125: =COUNTIFS(M124,">50",M124,"<=75") -> 0 | E125: =IF(D125=0,0,F7) -> 0 | G125: 第二攻 | H125: {=IFERROR(INDIRECT("C"&I125)-IF(INDIRECT("C"&(I125+6))=0,ROUND(F7/3,0),INDIRECT("C"&(I125+6))),"")} -> 8 | I125: 13 | J125: {=IFERROR(INDIRECT("C"&I125-1),"")} -> 56度 | K125: {=IF(INDIRECT("C"&I125+6)>0,FALSE,TRUE)} -> TRUE | L125: =IF(OR(J125="52度",J125="56度"),"",H125)
...

Sheet 6号洞
B2: 标准杆 | C2: 4 | D2: 杆
B3: 成绩 | C3: 4 | D3: 杆
B5: 挥杆&切杆 | E5: 推杆
B6: 第一杆 | C6: 1号木 | E6: 第一推
B7: 距离： | C7: 298 | D7: yd | E7: 距离： | F7: 27 | G7: ft
B8: 方向： | C8: 直球 | E8: 第二推
B9: 球位 | C9: 球道 | E9: 距离： | F9: 4 | G9: ft
B10: 是否直攻 | C10: 过渡 | E10: 第三推
B11: 罚杆 | C11: 0 | D11: 杆 | E11: 距离： | G11: ft
B12: 第二杆 | C12: 7铁 | E12: 第四推
B13: 距离： | C13: 103 | D13: yd | E13: 距离： | G13: ft
B14: 方向： | C14: 直球 | E14: 第五推
B15: 球位 | C15: 球道 | E15: 距离： | G15: ft
B16: 是否直攻 | C16: 直攻 | E16: 第六推
B17: 罚杆 | C17: 0 | D17: 杆 | E17: 距离： | G17: ft
B18: 第三杆 | E18: 第七推
B19: 距离： | D19: yd | E19: 距离： | G19: ft
B20: 方向： | E20: 第8推
B21: 球位 | E21: 距离： | G21: ft
B22: 是否直攻
B23: 罚杆 | D23: 杆 | E23: 额外罚杆 | G23: 杆
B24: 第四杆
B25: 距离： | D25: yd
B26: 方向：
B27: 球位
B28: 是否直攻
B29: 罚杆 | D29: 杆
B30: 第五杆
B31: 距离： | D31: yd
B32: 方向：
B33: 球位
B34: 是否直攻
B35: 罚杆 | D35: 杆
B36: 第六杆
B37: 距离： | D37: yd
B38: 方向：
B39: 球位
B40: 是否直攻
B41: 罚杆 | D41: 杆
B42: 第七杆
B43: 距离： | D43: yd
B44: 方向：
B45: 球位
B46: 是否直攻
B47: 罚杆 | D47: 杆
B48: 第八杆
B49: 距离： | D49: yd
B50: 方向：
B51: 球位
B52: 是否直攻
B53: 罚杆 | D53: 杆
B54: 第九杆
B55: 距离： | D55: yd
B56: 方向：
B57: 球位
B58: 是否直攻
B59: 罚杆 | D59: 杆
B60: 第十杆
B61: 距离： | D61: yd
B62: 方向：
B63: 球位
B64: 是否直攻
B65: 罚杆 | D65: 杆
D80: 成绩核对
B81: 总成绩 | C81: =C83+C86+C84 -> 4 | D81: =IF(C81-C3=0,TRUE,FALSE) -> TRUE
B82: PAR or less | C82: =(C81-C2)<=0 -> TRUE
B83: 总罚杆 | C83: =SUM(C11,C17,C23,C29,C35,C41,C47,C53,C59,C65,F23) -> 0
B84: 总挥切杆 | C84: =COUNT(C7,C13,C19,C25,C31,C37,C43,C49,C55,C61) -> 2
B85: 总切杆 | C85: =COUNTIF(C6:D65,"52度")+COUNTIF(C6:D65,"56度") -> 0
B86: 总推杆 | C86: =COUNT(F6:F21) -> 2 | E86: 一推 | F86: =IF(C86=1,1,0) -> 0 | G86: 三推 | H86: =IF(C86>2,1,0) -> 0
B87: 标On | C87: =C2-C84-C83>=2 -> TRUE | E87: 标On推杆 | F87: =IF(C87,C86,0) -> 2
B88: 一切一推 | C88: =C85*C86=1 -> FALSE | F88: 1号木标志 | H88: 长草 | I88: 沙坑 | J88: 直球 | K88: 偏左 | L88: 偏右
B89: 开球距离 | C89: =IF(C84>1,C7-C13,ROUND(C7-F7/3,0)) -> 195 | E89: =IF(C6="1号木",C89,0) -> 195 | F89: =IF(C6="1号木",1,0) -> 1 | H89: =IF(C9="长草",TRUE,FALSE) -> FALSE | I89: =IF(C9="沙坑",TRUE,FALSE) -> FALSE | J89: =IF(C8="直球",TRUE,FALSE) -> TRUE | K89: =IF(C8="偏左",TRUE,FALSE) -> FALSE | L89: =IF(C8="偏右",TRUE,FALSE) -> FALSE
B90: 上球道 | C90: =IF(C9="球道",TRUE,FALSE) -> TRUE | E90: =IF(C6="1号木",C90,0) -> TRUE | F90: =IF(C6="1号木",1,0) -> 1 | H90: =IF(F90=1,H89+0,0) -> 0 | I90: =IF(F90=1,I89+0,0) -> 0 | J90: =IF(F90=1,J89+0,0) -> 1 | K90: =IF(F90=1,K89+0,0) -> 0 | L90: =IF(F90=1,L89+0,0) -> 0
D92: 是否推进
A93: 推杆 | B93: 0-3 | C93: =COUNTIFS(I101:I108,">0",I101:I108,"<=3") -> 0 | D93: =COUNTIF(C98,"<=3") -> 0
B94: 3-9 | C94: =COUNTIFS(I101:I108,">3",I101:I108,"<=9") -> 1 | D94: =COUNTIFS(C98,">3",C98,"<=9") -> 1
B95: 9-15 | C95: =COUNTIFS(I101:I108,">9",I101:I108,"<=15") -> 0 | D95: =COUNTIFS(C98,">9",C98,"<=15") -> 0
B96: 15-30 | C96: =COUNTIFS(I101:I108,">15",I101:I108,"<=30") -> 1 | D96: =COUNTIFS(C98,">15",C98,"<=30") -> 0
B97: 30以上 | C97: =COUNTIFS(I101:I108,">30") -> 0 | D97: =COUNTIF(C98,">30") -> 0
B98: 推杆距离 | C98: {=INDIRECT("F"&(5+C86*2))} -> 4
E100: 是否三推 | I100: 推杆距离
A101: 三推 | B101: 9-15 | C101: =COUNTIFS(F7,">9",F7,"<=15") -> 0 | E101: =IF(C101=0,0,IF(COUNTIF(I101:I108,">0")>2,1,0)) -> 0 | H101: 1推 | I101: =F7-F9 -> 23
B102: 15-30 | C102: =COUNTIFS(F7,">15",F7,"<=30") -> 1 | E102: =IF(C102=0,0,IF(COUNTIF(I101:I108,">0")>2,1,0)) -> 0 | H102: 2推 | I102: =F9-F11 -> 4
B103: 30以上 | C103: =COUNTIFS(F7,">30") -> 0 | E103: =IF(C103=0,0,IF(COUNTIF(I101:I108,">0")>2,1,0)) -> 0 | H103: 3推 | I103: =F11-F13 -> 0
H104: 4推 | I104: =F13-F15 -> 0
H105: 5推 | I105: =F14-F16 -> 0
H106: 6推 | I106: =F16-F18 -> 0
H107: 7推 | I107: =F19-F21 -> 0
H108: 8推 | I108: =F21-0 -> 0
D116: 球杆
A117: 救球 | B117: 切杆距离 | C117: {=INDIRECT("C"&(1+C84*6))} -> 103 | D117: {=IFERROR(INDIRECT("C"&(C84*6)),0)} -> 7铁 | E117: 是否救球 | F117: 剩余距离 | G117: 是否沙坑 | H117: 剩余距离 | I117: 救球条件 | J117: 1有切杆
B118: 0-10 | C118: =COUNTIFS(C117,">0",C117,"<=10") -> 0 | D118: {=IFERROR(IF(INDIRECT("C"&(C84*6))="52度",C118,0) + IF(INDIRECT("C"&(C84*6))="56度",C118,0),0)} -> 0 | E118: =IF(AND(C82=TRUE, C87=FALSE),D118,0) -> 0 | F118: =IF(D118=0,0,F7) -> 0 | G118: {=IFERROR(IF(AND(INDIRECT("C"&(C84*6))="52度",INDIRECT("C"&(C84*6+3))="沙坑"),C118,0) + IF(AND(INDIRECT("C"&(C84*6))="56度",INDIRECT("C"&(C84*6+3))="沙坑"),C118,0),0)} -> 0 | H118: =IF(G118=0,0,F7) -> 0 | J118: 2par
B119: 10-20 | C119: =COUNTIFS(C117,">10",C117,"<=20") -> 0 | D119: {=IFERROR(IF(INDIRECT("C"&(C84*6))="52度",C119,0) + IF(INDIRECT("C"&(C84*6))="56度",C119,0),0)} -> 0 | E119: =IF(AND(C82=TRUE, C87=FALSE),D119,0) -> 0 | F119: =IF(D119=0,0,F7) -> 0 | G119: {=IFERROR(IF(AND(INDIRECT("C"&(C84*6))="52度",INDIRECT("C"&(C84*6+3))="沙坑"),C119,0) + IF(AND(INDIRECT("C"&(C84*6))="56度",INDIRECT("C"&(C84*6+3))="沙坑"),C119,0),)} -> 0 | H119: =IF(G119=0,0,F7) -> 0 | J119: 3不标on
B120: 20-30 | C120: =COUNTIFS(C117,">20",C117,"<=30") -> 0 | D120: {=IFERROR(IF(INDIRECT("C"&(C84*6))="52度",C120,0) + IF(INDIRECT("C"&(C84*6))="56度",C120,0),0)} -> 0 | E120: =IF(AND(C82=TRUE, C87=FALSE),D120,0) -> 0 | F120: =IF(D120=0,0,F7) -> 0 | G120: {=IFERROR(IF(AND(INDIRECT("C"&(C84*6))="52度",INDIRECT("C"&(C84*6+3))="沙坑"),C120,0) + IF(AND(INDIRECT("C"&(C84*6))="56度",INDIRECT("C"&(C84*6+3))="沙坑"),C120,0),0)} -> 0 | H120: =IF(G120=0,0,F7) -> 0 | J120: 最后切杆距离
B121: 30-40 | C121: =COUNTIFS(C117,">30",C117,"<=40") -> 0 | D121: {=IFERROR(IF(INDIRECT("C"&(C84*6))="52度",C121,0) + IF(INDIRECT("C"&(C84*6))="56度",C121,0),)} -> 0 | E121: =IF(AND(C82=TRUE, C87=FALSE),D121,0) -> 0 | F121: =IF(D121=0,0,F7) -> 0 | G121: {=IFERROR(IF(AND(INDIRECT("C"&(C84*6))="52度",INDIRECT("C"&(C84*6+3))="沙坑"),C121,0) + IF(AND(INDIRECT("C"&(C84*6))="56度",INDIRECT("C"&(C84*6+3))="沙坑"),C121,0),0)} -> 0 | H121: =IF(G121=0,0,F7) -> 0
B122: 40-50 | C122: =COUNTIFS(C117,">40",C117,"<=50") -> 0 | D122: {=IFERROR(IF(INDIRECT("C"&(C84*6))="52度",C122,0) + IF(INDIRECT("C"&(C84*6))="56度",C122,0),0)} -> 0 | E122: =IF(AND(C82=TRUE, C87=FALSE),D122,0) -> 0 | F122: =IF(D122=0,0,F7) -> 0 | G122: {=IFERROR(IF(AND(INDIRECT("C"&(C84*6))="52度",INDIRECT("C"&(C84*6+3))="沙坑"),C122,0) + IF(AND(INDIRECT("C"&(C84*6))="56度",INDIRECT("C"&(C84*6+3))="沙坑"),C122,0),0)} -> 0 | H122: =IF(G122=0,0,F7) -> 0
H123: 距离 | I123: 是否直攻 | J123: 球杆 | K123: 是否上果岭 | L123: 铁杆距离 | M123: 距洞口距离
A124: 铁杆 | B124: 直攻 | C124: 总数 | D124: 是否上果岭 | E124: 准确度(ft） | G124: 第一攻 | H124: {=IFERROR(INDIRECT("C"&I124) -IF(INDIRECT("C"&(I124+6))=0,ROUND(F7/3,0),INDIRECT("C"&(I124+6))),"")} -> 94 | I124: {=IFERROR(_xlfn._xlws.FILTER(ROW(C6:C65),C6:C65="直攻","")-3,)} -> 13 | J124: {=IFERROR(INDIRECT("C"&I124-1),"")} -> 7铁 | K124: {=IF(INDIRECT("C"&I124+6)>0,FALSE,TRUE)} -> TRUE | L124: =IF(OR(J124="52度",J124="56度"),"",H124) -> 94 | M124: =VLOOKUP(TRUE,K124:L128,2,0) -> 94
B125: 50-75 | C125: =COUNTIFS(L124:L128,">50",L124:L128,"<=75") -> 0 | D125: =COUNTIFS(M124,">50",M124,"<=75") -> 0 | E125: =IF(D125=0,0,F7) -> 0 | G125: 第二攻 | H125: {=IFERROR(INDIRECT("C"&I125)-IF(INDIRECT("C"&(I125+6))=0,ROUND(F7/3,0),INDIRECT("C"&(I125+6))),"")} | J125: {=IFERROR(INDIRECT("C"&I125-1),"")} | K125: {=IF(INDIRECT("C"&I125+6)>0,FALSE,TRUE)} -> FALSE | L125: =IF(OR(J125="52度",J125="56度"),"",H125)
...

Sheet 7号洞
B2: 标准杆 | C2: 3 | D2: 杆
B3: 成绩 | C3: 4 | D3: 杆
B5: 挥杆&切杆 | E5: 推杆
B6: 第一杆 | C6: 7铁 | E6: 第一推
B7: 距离： | C7: 144 | D7: yd | E7: 距离： | F7: 18 | G7: ft
B8: 方向： | C8: 偏左 | E8: 第二推
B9: 球位 | C9: 球道 | E9: 距离： | F9: 2 | G9: ft
B10: 是否直攻 | C10: 直攻 | E10: 第三推
B11: 罚杆 | C11: 0 | D11: 杆 | E11: 距离： | G11: ft
B12: 第二杆 | C12: 56度 | E12: 第四推
B13: 距离： | C13: 31 | D13: yd | E13: 距离： | G13: ft
B14: 方向： | C14: 直球 | E14: 第五推
B15: 球位 | C15: 球道 | E15: 距离： | G15: ft
B16: 是否直攻 | C16: 直攻 | E16: 第六推
B17: 罚杆 | C17: 0 | D17: 杆 | E17: 距离： | G17: ft
B18: 第三杆 | E18: 第七推
B19: 距离： | D19: yd | E19: 距离： | G19: ft
B20: 方向： | E20: 第8推
B21: 球位 | E21: 距离： | G21: ft
B22: 是否直攻
B23: 罚杆 | D23: 杆 | E23: 额外罚杆 | G23: 杆
B24: 第四杆
B25: 距离： | D25: yd
B26: 方向：
B27: 球位
B28: 是否直攻
B29: 罚杆 | D29: 杆
B30: 第五杆
B31: 距离： | D31: yd
B32: 方向：
B33: 球位
B34: 是否直攻
B35: 罚杆 | D35: 杆
B36: 第六杆
B37: 距离： | D37: yd
B38: 方向：
B39: 球位
B40: 是否直攻
B41: 罚杆 | D41: 杆
B42: 第七杆
B43: 距离： | D43: yd
B44: 方向：
B45: 球位
B46: 是否直攻
B47: 罚杆 | D47: 杆
B48: 第八杆
B49: 距离： | D49: yd
B50: 方向：
B51: 球位
B52: 是否直攻
B53: 罚杆 | D53: 杆
B54: 第九杆
B55: 距离： | D55: yd
B56: 方向：
B57: 球位
B58: 是否直攻
B59: 罚杆 | D59: 杆
B60: 第十杆
B61: 距离： | D61: yd
B62: 方向：
B63: 球位
B64: 是否直攻
B65: 罚杆 | D65: 杆
D80: 成绩核对
B81: 总成绩 | C81: =C83+C86+C84 -> 4 | D81: =IF(C81-C3=0,TRUE,FALSE) -> TRUE
B82: PAR or less | C82: =(C81-C2)<=0 -> FALSE
B83: 总罚杆 | C83: =SUM(C11,C17,C23,C29,C35,C41,C47,C53,C59,C65,F23) -> 0
B84: 总挥切杆 | C84: =COUNT(C7,C13,C19,C25,C31,C37,C43,C49,C55,C61) -> 2
B85: 总切杆 | C85: =COUNTIF(C6:D65,"52度")+COUNTIF(C6:D65,"56度") -> 1
B86: 总推杆 | C86: =COUNT(F6:F21) -> 2 | E86: 一推 | F86: =IF(C86=1,1,0) -> 0 | G86: 三推 | H86: =IF(C86>2,1,0) -> 0
B87: 标On | C87: =C2-C84-C83>=2 -> FALSE | E87: 标On推杆 | F87: =IF(C87,C86,0) -> 0
B88: 一切一推 | C88: =C85*C86=1 -> FALSE | F88: 1号木标志 | H88: 长草 | I88: 沙坑 | J88: 直球 | K88: 偏左 | L88: 偏右
B89: 开球距离 | C89: =IF(C84>1,C7-C13,ROUND(C7-F7/3,0)) -> 113 | E89: =IF(C6="1号木",C89,0) -> 0 | F89: =IF(C6="1号木",1,0) -> 0 | H89: =IF(C9="长草",TRUE,FALSE) -> FALSE | I89: =IF(C9="沙坑",TRUE,FALSE) -> FALSE | J89: =IF(C8="直球",TRUE,FALSE) -> FALSE | K89: =IF(C8="偏左",TRUE,FALSE) -> TRUE | L89: =IF(C8="偏右",TRUE,FALSE) -> FALSE
B90: 上球道 | C90: =IF(C9="球道",TRUE,FALSE) -> TRUE | E90: =IF(C6="1号木",C90,0) -> 0 | F90: =IF(C6="1号木",1,0) -> 0 | H90: =IF(F90=1,H89+0,0) -> 0 | I90: =IF(F90=1,I89+0,0) -> 0 | J90: =IF(F90=1,J89+0,0) -> 0 | K90: =IF(F90=1,K89+0,0) -> 0 | L90: =IF(F90=1,L89+0,0) -> 0
D92: 是否推进
A93: 推杆 | B93: 0-3 | C93: =COUNTIFS(I101:I108,">0",I101:I108,"<=3") -> 1 | D93: =COUNTIF(C98,"<=3") -> 1
B94: 3-9 | C94: =COUNTIFS(I101:I108,">3",I101:I108,"<=9") -> 0 | D94: =COUNTIFS(C98,">3",C98,"<=9") -> 0
B95: 9-15 | C95: =COUNTIFS(I101:I108,">9",I101:I108,"<=15") -> 0 | D95: =COUNTIFS(C98,">9",C98,"<=15") -> 0
B96: 15-30 | C96: =COUNTIFS(I101:I108,">15",I101:I108,"<=30") -> 1 | D96: =COUNTIFS(C98,">15",C98,"<=30") -> 0
B97: 30以上 | C97: =COUNTIFS(I101:I108,">30") -> 0 | D97: =COUNTIF(C98,">30") -> 0
B98: 推杆距离 | C98: {=INDIRECT("F"&(5+C86*2))} -> 2
E100: 是否三推 | I100: 推杆距离
A101: 三推 | B101: 9-15 | C101: =COUNTIFS(F7,">9",F7,"<=15") -> 0 | E101: =IF(C101=0,0,IF(COUNTIF(I101:I108,">0")>2,1,0)) -> 0 | H101: 1推 | I101: =F7-F9 -> 16
B102: 15-30 | C102: =COUNTIFS(F7,">15",F7,"<=30") -> 1 | E102: =IF(C102=0,0,IF(COUNTIF(I101:I108,">0")>2,1,0)) -> 0 | H102: 2推 | I102: =F9-F11 -> 2
B103: 30以上 | C103: =COUNTIFS(F7,">30") -> 0 | E103: =IF(C103=0,0,IF(COUNTIF(I101:I108,">0")>2,1,0)) -> 0 | H103: 3推 | I103: =F11-F13 -> 0
H104: 4推 | I104: =F13-F15 -> 0
H105: 5推 | I105: =F14-F16 -> 0
H106: 6推 | I106: =F16-F18 -> 0
H107: 7推 | I107: =F19-F21 -> 0
H108: 8推 | I108: =F21-0 -> 0
D116: 球杆
A117: 救球 | B117: 切杆距离 | C117: {=INDIRECT("C"&(1+C84*6))} -> 31 | D117: {=IFERROR(INDIRECT("C"&(C84*6)),0)} -> 56度 | E117: 是否救球 | F117: 剩余距离 | G117: 是否沙坑 | H117: 剩余距离 | I117: 救球条件 | J117: 1有切杆
B118: 0-10 | C118: =COUNTIFS(C117,">0",C117,"<=10") -> 0 | D118: {=IFERROR(IF(INDIRECT("C"&(C84*6))="52度",C118,0) + IF(INDIRECT("C"&(C84*6))="56度",C118,0),0)} -> 0 | E118: =IF(AND(C82=TRUE, C87=FALSE),D118,0) -> 0 | F118: =IF(D118=0,0,F7) -> 0 | G118: {=IFERROR(IF(AND(INDIRECT("C"&(C84*6))="52度",INDIRECT("C"&(C84*6+3))="沙坑"),C118,0) + IF(AND(INDIRECT("C"&(C84*6))="56度",INDIRECT("C"&(C84*6+3))="沙坑"),C118,0),0)} -> 0 | H118: =IF(G118=0,0,F7) -> 0 | J118: 2par
B119: 10-20 | C119: =COUNTIFS(C117,">10",C117,"<=20") -> 0 | D119: {=IFERROR(IF(INDIRECT("C"&(C84*6))="52度",C119,0) + IF(INDIRECT("C"&(C84*6))="56度",C119,0),0)} -> 0 | E119: =IF(AND(C82=TRUE, C87=FALSE),D119,0) -> 0 | F119: =IF(D119=0,0,F7) -> 0 | G119: {=IFERROR(IF(AND(INDIRECT("C"&(C84*6))="52度",INDIRECT("C"&(C84*6+3))="沙坑"),C119,0) + IF(AND(INDIRECT("C"&(C84*6))="56度",INDIRECT("C"&(C84*6+3))="沙坑"),C119,0),)} -> 0 | H119: =IF(G119=0,0,F7) -> 0 | J119: 3不标on
B120: 20-30 | C120: =COUNTIFS(C117,">20",C117,"<=30") -> 0 | D120: {=IFERROR(IF(INDIRECT("C"&(C84*6))="52度",C120,0) + IF(INDIRECT("C"&(C84*6))="56度",C120,0),0)} -> 0 | E120: =IF(AND(C82=TRUE, C87=FALSE),D120,0) -> 0 | F120: =IF(D120=0,0,F7) -> 0 | G120: {=IFERROR(IF(AND(INDIRECT("C"&(C84*6))="52度",INDIRECT("C"&(C84*6+3))="沙坑"),C120,0) + IF(AND(INDIRECT("C"&(C84*6))="56度",INDIRECT("C"&(C84*6+3))="沙坑"),C120,0),0)} -> 0 | H120: =IF(G120=0,0,F7) -> 0 | J120: 最后切杆距离
B121: 30-40 | C121: =COUNTIFS(C117,">30",C117,"<=40") -> 1 | D121: {=IFERROR(IF(INDIRECT("C"&(C84*6))="52度",C121,0) + IF(INDIRECT("C"&(C84*6))="56度",C121,0),)} -> 1 | E121: =IF(AND(C82=TRUE, C87=FALSE),D121,0) -> 0 | F121: =IF(D121=0,0,F7) -> 18 | G121: {=IFERROR(IF(AND(INDIRECT("C"&(C84*6))="52度",INDIRECT("C"&(C84*6+3))="沙坑"),C121,0) + IF(AND(INDIRECT("C"&(C84*6))="56度",INDIRECT("C"&(C84*6+3))="沙坑"),C121,0),0)} -> 0 | H121: =IF(G121=0,0,F7) -> 0
B122: 40-50 | C122: =COUNTIFS(C117,">40",C117,"<=50") -> 0 | D122: {=IFERROR(IF(INDIRECT("C"&(C84*6))="52度",C122,0) + IF(INDIRECT("C"&(C84*6))="56度",C122,0),0)} -> 0 | E122: =IF(AND(C82=TRUE, C87=FALSE),D122,0) -> 0 | F122: =IF(D122=0,0,F7) -> 0 | G122: {=IFERROR(IF(AND(INDIRECT("C"&(C84*6))="52度",INDIRECT("C"&(C84*6+3))="沙坑"),C122,0) + IF(AND(INDIRECT("C"&(C84*6))="56度",INDIRECT("C"&(C84*6+3))="沙坑"),C122,0),0)} -> 0 | H122: =IF(G122=0,0,F7) -> 0
H123: 距离 | I123: 是否直攻 | J123: 球杆 | K123: 是否上果岭 | L123: 铁杆距离 | M123: 距洞口距离
A124: 铁杆 | B124: 直攻 | C124: 总数 | D124: 是否上果岭 | E124: 准确度(ft） | G124: 第一攻 | H124: {=IFERROR(INDIRECT("C"&I124) -IF(INDIRECT("C"&(I124+6))=0,ROUND(F7/3,0),INDIRECT("C"&(I124+6))),"")} -> 113 | I124: {=IFERROR(_xlfn._xlws.FILTER(ROW(C6:C65),C6:C65="直攻","")-3,)} -> 7 | J124: {=IFERROR(INDIRECT("C"&I124-1),"")} -> 7铁 | K124: {=IF(INDIRECT("C"&I124+6)>0,FALSE,TRUE)} -> FALSE | L124: =IF(OR(J124="52度",J124="56度"),"",H124) -> 113 | M124: =VLOOKUP(TRUE,K124:L128,2,0)
B125: 50-75 | C125: =COUNTIFS(L124:L128,">50",L124:L128,"<=75") -> 0 | D125: =COUNTIFS(M124,">50",M124,"<=75") -> 0 | E125: =IF(D125=0,0,F7) -> 0 | G125: 第二攻 | H125: {=IFERROR(INDIRECT("C"&I125)-IF(INDIRECT("C"&(I125+6))=0,ROUND(F7/3,0),INDIRECT("C"&(I125+6))),"")} -> 25 | I125: 13 | J125: {=IFERROR(INDIRECT("C"&I125-1),"")} -> 56度 | K125: {=IF(INDIRECT("C"&I125+6)>0,FALSE,TRUE)} -> TRUE | L125: =IF(OR(J125="52度",J125="56度"),"",H125)
...

Sheet 8号洞
B2: 标准杆 | C2: 4 | D2: 杆
B3: 成绩 | C3: 5 | D3: 杆
B5: 挥杆&切杆 | E5: 推杆
B6: 第一杆 | C6: 1号木 | E6: 第一推
B7: 距离： | C7: 383 | D7: yd | E7: 距离： | F7: 21 | G7: ft
B8: 方向： | C8: 直球 | E8: 第二推
B9: 球位 | C9: 球道 | E9: 距离： | F9: 2 | G9: ft
B10: 是否直攻 | C10: 过渡 | E10: 第三推
B11: 罚杆 | C11: 0 | D11: 杆 | E11: 距离： | G11: ft
B12: 第二杆 | C12: 球道木 | E12: 第四推
B13: 距离： | C13: 180 | D13: yd | E13: 距离： | G13: ft
B14: 方向： | C14: 直球 | E14: 第五推
B15: 球位 | C15: 球道 | E15: 距离： | G15: ft
B16: 是否直攻 | C16: 直攻 | E16: 第六推
B17: 罚杆 | C17: 0 | D17: 杆 | E17: 距离： | G17: ft
B18: 第三杆 | C18: 56度 | E18: 第七推
B19: 距离： | C19: 25 | D19: yd | E19: 距离： | G19: ft
B20: 方向： | C20: 直球 | E20: 第8推
B21: 球位 | C21: 长草 | E21: 距离： | G21: ft
B22: 是否直攻 | C22: 直攻
B23: 罚杆 | C23: 0 | D23: 杆 | E23: 额外罚杆 | G23: 杆
B24: 第四杆
B25: 距离： | D25: yd
B26: 方向：
B27: 球位
B28: 是否直攻
B29: 罚杆 | D29: 杆
B30: 第五杆
B31: 距离： | D31: yd
B32: 方向：
B33: 球位
B34: 是否直攻
B35: 罚杆 | D35: 杆
B36: 第六杆
B37: 距离： | D37: yd
B38: 方向：
B39: 球位
B40: 是否直攻
B41: 罚杆 | D41: 杆
B42: 第七杆
B43: 距离： | D43: yd
B44: 方向：
B45: 球位
B46: 是否直攻
B47: 罚杆 | D47: 杆
B48: 第八杆
B49: 距离： | D49: yd
B50: 方向：
B51: 球位
B52: 是否直攻
B53: 罚杆 | D53: 杆
B54: 第九杆
B55: 距离： | D55: yd
B56: 方向：
B57: 球位
B58: 是否直攻
B59: 罚杆 | D59: 杆
B60: 第十杆
B61: 距离： | D61: yd
B62: 方向：
B63: 球位
B64: 是否直攻
B65: 罚杆 | D65: 杆
D80: 成绩核对
B81: 总成绩 | C81: =C83+C86+C84 -> 5 | D81: =IF(C81-C3=0,TRUE,FALSE) -> TRUE
B82: PAR or less | C82: =(C81-C2)<=0 -> FALSE
B83: 总罚杆 | C83: =SUM(C11,C17,C23,C29,C35,C41,C47,C53,C59,C65,F23) -> 0
B84: 总挥切杆 | C84: =COUNT(C7,C13,C19,C25,C31,C37,C43,C49,C55,C61) -> 3
B85: 总切杆 | C85: =COUNTIF(C6:D65,"52度")+COUNTIF(C6:D65,"56度") -> 1
B86: 总推杆 | C86: =COUNT(F6:F21) -> 2 | E86: 一推 | F86: =IF(C86=1,1,0) -> 0 | G86: 三推 | H86: =IF(C86>2,1,0) -> 0
B87: 标On | C87: =C2-C84-C83>=2 -> FALSE | E87: 标On推杆 | F87: =IF(C87,C86,0) -> 0
B88: 一切一推 | C88: =C85*C86=1 -> FALSE | F88: 1号木标志 | H88: 长草 | I88: 沙坑 | J88: 直球 | K88: 偏左 | L88: 偏右
B89: 开球距离 | C89: =IF(C84>1,C7-C13,ROUND(C7-F7/3,0)) -> 203 | E89: =IF(C6="1号木",C89,0) -> 203 | F89: =IF(C6="1号木",1,0) -> 1 | H89: =IF(C9="长草",TRUE,FALSE) -> FALSE | I89: =IF(C9="沙坑",TRUE,FALSE) -> FALSE | J89: =IF(C8="直球",TRUE,FALSE) -> TRUE | K89: =IF(C8="偏左",TRUE,FALSE) -> FALSE | L89: =IF(C8="偏右",TRUE,FALSE) -> FALSE
B90: 上球道 | C90: =IF(C9="球道",TRUE,FALSE) -> TRUE | E90: =IF(C6="1号木",C90,0) -> TRUE | F90: =IF(C6="1号木",1,0) -> 1 | H90: =IF(F90=1,H89+0,0) -> 0 | I90: =IF(F90=1,I89+0,0) -> 0 | J90: =IF(F90=1,J89+0,0) -> 1 | K90: =IF(F90=1,K89+0,0) -> 0 | L90: =IF(F90=1,L89+0,0) -> 0
D92: 是否推进
A93: 推杆 | B93: 0-3 | C93: =COUNTIFS(I101:I108,">0",I101:I108,"<=3") -> 1 | D93: =COUNTIF(C98,"<=3") -> 1
B94: 3-9 | C94: =COUNTIFS(I101:I108,">3",I101:I108,"<=9") -> 0 | D94: =COUNTIFS(C98,">3",C98,"<=9") -> 0
B95: 9-15 | C95: =COUNTIFS(I101:I108,">9",I101:I108,"<=15") -> 0 | D95: =COUNTIFS(C98,">9",C98,"<=15") -> 0
B96: 15-30 | C96: =COUNTIFS(I101:I108,">15",I101:I108,"<=30") -> 1 | D96: =COUNTIFS(C98,">15",C98,"<=30") -> 0
B97: 30以上 | C97: =COUNTIFS(I101:I108,">30") -> 0 | D97: =COUNTIF(C98,">30") -> 0
B98: 推杆距离 | C98: {=INDIRECT("F"&(5+C86*2))} -> 2
E100: 是否三推 | I100: 推杆距离
A101: 三推 | B101: 9-15 | C101: =COUNTIFS(F7,">9",F7,"<=15") -> 0 | E101: =IF(C101=0,0,IF(COUNTIF(I101:I108,">0")>2,1,0)) -> 0 | H101: 1推 | I101: =F7-F9 -> 19
B102: 15-30 | C102: =COUNTIFS(F7,">15",F7,"<=30") -> 1 | E102: =IF(C102=0,0,IF(COUNTIF(I101:I108,">0")>2,1,0)) -> 0 | H102: 2推 | I102: =F9-F11 -> 2
B103: 30以上 | C103: =COUNTIFS(F7,">30") -> 0 | E103: =IF(C103=0,0,IF(COUNTIF(I101:I108,">0")>2,1,0)) -> 0 | H103: 3推 | I103: =F11-F13 -> 0
H104: 4推 | I104: =F13-F15 -> 0
H105: 5推 | I105: =F14-F16 -> 0
H106: 6推 | I106: =F16-F18 -> 0
H107: 7推 | I107: =F19-F21 -> 0
H108: 8推 | I108: =F21-0 -> 0
D116: 球杆
A117: 救球 | B117: 切杆距离 | C117: {=INDIRECT("C"&(1+C84*6))} -> 25 | D117: {=IFERROR(INDIRECT("C"&(C84*6)),0)} -> 56度 | E117: 是否救球 | F117: 剩余距离 | G117: 是否沙坑 | H117: 剩余距离 | I117: 救球条件 | J117: 1有切杆
B118: 0-10 | C118: =COUNTIFS(C117,">0",C117,"<=10") -> 0 | D118: {=IFERROR(IF(INDIRECT("C"&(C84*6))="52度",C118,0) + IF(INDIRECT("C"&(C84*6))="56度",C118,0),0)} -> 0 | E118: =IF(AND(C82=TRUE, C87=FALSE),D118,0) -> 0 | F118: =IF(D118=0,0,F7) -> 0 | G118: {=IFERROR(IF(AND(INDIRECT("C"&(C84*6))="52度",INDIRECT("C"&(C84*6+3))="沙坑"),C118,0) + IF(AND(INDIRECT("C"&(C84*6))="56度",INDIRECT("C"&(C84*6+3))="沙坑"),C118,0),0)} -> 0 | H118: =IF(G118=0,0,F7) -> 0 | J118: 2par
B119: 10-20 | C119: =COUNTIFS(C117,">10",C117,"<=20") -> 0 | D119: {=IFERROR(IF(INDIRECT("C"&(C84*6))="52度",C119,0) + IF(INDIRECT("C"&(C84*6))="56度",C119,0),0)} -> 0 | E119: =IF(AND(C82=TRUE, C87=FALSE),D119,0) -> 0 | F119: =IF(D119=0,0,F7) -> 0 | G119: {=IFERROR(IF(AND(INDIRECT("C"&(C84*6))="52度",INDIRECT("C"&(C84*6+3))="沙坑"),C119,0) + IF(AND(INDIRECT("C"&(C84*6))="56度",INDIRECT("C"&(C84*6+3))="沙坑"),C119,0),)} -> 0 | H119: =IF(G119=0,0,F7) -> 0 | J119: 3不标on
B120: 20-30 | C120: =COUNTIFS(C117,">20",C117,"<=30") -> 1 | D120: {=IFERROR(IF(INDIRECT("C"&(C84*6))="52度",C120,0) + IF(INDIRECT("C"&(C84*6))="56度",C120,0),0)} -> 1 | E120: =IF(AND(C82=TRUE, C87=FALSE),D120,0) -> 0 | F120: =IF(D120=0,0,F7) -> 21 | G120: {=IFERROR(IF(AND(INDIRECT("C"&(C84*6))="52度",INDIRECT("C"&(C84*6+3))="沙坑"),C120,0) + IF(AND(INDIRECT("C"&(C84*6))="56度",INDIRECT("C"&(C84*6+3))="沙坑"),C120,0),0)} -> 0 | H120: =IF(G120=0,0,F7) -> 0 | J120: 最后切杆距离
B121: 30-40 | C121: =COUNTIFS(C117,">30",C117,"<=40") -> 0 | D121: {=IFERROR(IF(INDIRECT("C"&(C84*6))="52度",C121,0) + IF(INDIRECT("C"&(C84*6))="56度",C121,0),)} -> 0 | E121: =IF(AND(C82=TRUE, C87=FALSE),D121,0) -> 0 | F121: =IF(D121=0,0,F7) -> 0 | G121: {=IFERROR(IF(AND(INDIRECT("C"&(C84*6))="52度",INDIRECT("C"&(C84*6+3))="沙坑"),C121,0) + IF(AND(INDIRECT("C"&(C84*6))="56度",INDIRECT("C"&(C84*6+3))="沙坑"),C121,0),0)} -> 0 | H121: =IF(G121=0,0,F7) -> 0
B122: 40-50 | C122: =COUNTIFS(C117,">40",C117,"<=50") -> 0 | D122: {=IFERROR(IF(INDIRECT("C"&(C84*6))="52度",C122,0) + IF(INDIRECT("C"&(C84*6))="56度",C122,0),0)} -> 0 | E122: =IF(AND(C82=TRUE, C87=FALSE),D122,0) -> 0 | F122: =IF(D122=0,0,F7) -> 0 | G122: {=IFERROR(IF(AND(INDIRECT("C"&(C84*6))="52度",INDIRECT("C"&(C84*6+3))="沙坑"),C122,0) + IF(AND(INDIRECT("C"&(C84*6))="56度",INDIRECT("C"&(C84*6+3))="沙坑"),C122,0),0)} -> 0 | H122: =IF(G122=0,0,F7) -> 0
H123: 距离 | I123: 是否直攻 | J123: 球杆 | K123: 是否上果岭 | L123: 铁杆距离 | M123: 距洞口距离
A124: 铁杆 | B124: 直攻 | C124: 总数 | D124: 是否上果岭 | E124: 准确度(ft） | G124: 第一攻 | H124: {=IFERROR(INDIRECT("C"&I124) -IF(INDIRECT("C"&(I124+6))=0,ROUND(F7/3,0),INDIRECT("C"&(I124+6))),"")} -> 155 | I124: {=IFERROR(_xlfn._xlws.FILTER(ROW(C6:C65),C6:C65="直攻","")-3,)} -> 13 | J124: {=IFERROR(INDIRECT("C"&I124-1),"")} -> 球道木 | K124: {=IF(INDIRECT("C"&I124+6)>0,FALSE,TRUE)} -> FALSE | L124: =IF(OR(J124="52度",J124="56度"),"",H124) -> 155 | M124: =VLOOKUP(TRUE,K124:L128,2,0)
B125: 50-75 | C125: =COUNTIFS(L124:L128,">50",L124:L128,"<=75") -> 0 | D125: =COUNTIFS(M124,">50",M124,"<=75") -> 0 | E125: =IF(D125=0,0,F7) -> 0 | G125: 第二攻 | H125: {=IFERROR(INDIRECT("C"&I125)-IF(INDIRECT("C"&(I125+6))=0,ROUND(F7/3,0),INDIRECT("C"&(I125+6))),"")} -> 18 | I125: 19 | J125: {=IFERROR(INDIRECT("C"&I125-1),"")} -> 56度 | K125: {=IF(INDIRECT("C"&I125+6)>0,FALSE,TRUE)} -> TRUE | L125: =IF(OR(J125="52度",J125="56度"),"",H125)
...

Sheet 9号洞
B2: 标准杆 | C2: 4 | D2: 杆
B3: 成绩 | C3: 5 | D3: 杆
B5: 挥杆&切杆 | E5: 推杆
B6: 第一杆 | C6: 1号木 | E6: 第一推
B7: 距离： | C7: 373 | D7: yd | E7: 距离： | F7: 24 | G7: ft
B8: 方向： | C8: 直球 | E8: 第二推
B9: 球位 | C9: 球道 | E9: 距离： | F9: 5 | G9: ft
B10: 是否直攻 | C10: 过渡 | E10: 第三推
B11: 罚杆 | C11: 0 | D11: 杆 | E11: 距离： | G11: ft
B12: 第二杆 | C12: 球道木 | E12: 第四推
B13: 距离： | C13: 170 | D13: yd | E13: 距离： | G13: ft
B14: 方向： | C14: 直球 | E14: 第五推
B15: 球位 | C15: 球道 | E15: 距离： | G15: ft
B16: 是否直攻 | C16: 直攻 | E16: 第六推
B17: 罚杆 | C17: 0 | D17: 杆 | E17: 距离： | G17: ft
B18: 第三杆 | C18: 56度 | E18: 第七推
B19: 距离： | C19: 50 | D19: yd | E19: 距离： | G19: ft
B20: 方向： | C20: 直球 | E20: 第8推
B21: 球位 | C21: 球道 | E21: 距离： | G21: ft
B22: 是否直攻 | C22: 直攻
B23: 罚杆 | C23: 0 | D23: 杆 | E23: 额外罚杆 | G23: 杆
B24: 第四杆
B25: 距离： | D25: yd
B26: 方向：
B27: 球位
B28: 是否直攻
B29: 罚杆 | D29: 杆
B30: 第五杆
B31: 距离： | D31: yd
B32: 方向：
B33: 球位
B34: 是否直攻
B35: 罚杆 | D35: 杆
B36: 第六杆
B37: 距离： | D37: yd
B38: 方向：
B39: 球位
B40: 是否直攻
B41: 罚杆 | D41: 杆
B42: 第七杆
B43: 距离： | D43: yd
B44: 方向：
B45: 球位
B46: 是否直攻
B47: 罚杆 | D47: 杆
B48: 第八杆
B49: 距离： | D49: yd
B50: 方向：
B51: 球位
B52: 是否直攻
B53: 罚杆 | D53: 杆
B54: 第九杆
B55: 距离： | D55: yd
B56: 方向：
B57: 球位
B58: 是否直攻
B59: 罚杆 | D59: 杆
B60: 第十杆
B61: 距离： | D61: yd
B62: 方向：
B63: 球位
B64: 是否直攻
B65: 罚杆 | D65: 杆
D80: 成绩核对
B81: 总成绩 | C81: =C83+C86+C84 -> 5 | D81: =IF(C81-C3=0,TRUE,FALSE) -> TRUE
B82: PAR or less | C82: =(C81-C2)<=0 -> FALSE
B83: 总罚杆 | C83: =SUM(C11,C17,C23,C29,C35,C41,C47,C53,C59,C65,F23) -> 0
B84: 总挥切杆 | C84: =COUNT(C7,C13,C19,C25,C31,C37,C43,C49,C55,C61) -> 3
B85: 总切杆 | C85: =COUNTIF(C6:D65,"52度")+COUNTIF(C6:D65,"56度") -> 1
B86: 总推杆 | C86: =COUNT(F6:F21) -> 2 | E86: 一推 | F86: =IF(C86=1,1,0) -> 0 | G86: 三推 | H86: =IF(C86>2,1,0) -> 0
B87: 标On | C87: =C2-C84-C83>=2 -> FALSE | E87: 标On推杆 | F87: =IF(C87,C86,0) -> 0
B88: 一切一推 | C88: =C85*C86=1 -> FALSE | F88: 1号木标志 | H88: 长草 | I88: 沙坑 | J88: 直球 | K88: 偏左 | L88: 偏右
B89: 开球距离 | C89: =IF(C84>1,C7-C13,ROUND(C7-F7/3,0)) -> 203 | E89: =IF(C6="1号木",C89,0) -> 203 | F89: =IF(C6="1号木",1,0) -> 1 | H89: =IF(C9="长草",TRUE,FALSE) -> FALSE | I89: =IF(C9="沙坑",TRUE,FALSE) -> FALSE | J89: =IF(C8="直球",TRUE,FALSE) -> TRUE | K89: =IF(C8="偏左",TRUE,FALSE) -> FALSE | L89: =IF(C8="偏右",TRUE,FALSE) -> FALSE
B90: 上球道 | C90: =IF(C9="球道",TRUE,FALSE) -> TRUE | E90: =IF(C6="1号木",C90,0) -> TRUE | F90: =IF(C6="1号木",1,0) -> 1 | H90: =IF(F90=1,H89+0,0) -> 0 | I90: =IF(F90=1,I89+0,0) -> 0 | J90: =IF(F90=1,J89+0,0) -> 1 | K90: =IF(F90=1,K89+0,0) -> 0 | L90: =IF(F90=1,L89+0,0) -> 0
D92: 是否推进
A93: 推杆 | B93: 0-3 | C93: =COUNTIFS(I101:I108,">0",I101:I108,"<=3") -> 0 | D93: =COUNTIF(C98,"<=3") -> 0
B94: 3-9 | C94: =COUNTIFS(I101:I108,">3",I101:I108,"<=9") -> 1 | D94: =COUNTIFS(C98,">3",C98,"<=9") -> 1
B95: 9-15 | C95: =COUNTIFS(I101:I108,">9",I101:I108,"<=15") -> 0 | D95: =COUNTIFS(C98,">9",C98,"<=15") -> 0
B96: 15-30 | C96: =COUNTIFS(I101:I108,">15",I101:I108,"<=30") -> 1 | D96: =COUNTIFS(C98,">15",C98,"<=30") -> 0
B97: 30以上 | C97: =COUNTIFS(I101:I108,">30") -> 0 | D97: =COUNTIF(C98,">30") -> 0
B98: 推杆距离 | C98: {=INDIRECT("F"&(5+C86*2))} -> 5
E100: 是否三推 | I100: 推杆距离
A101: 三推 | B101: 9-15 | C101: =COUNTIFS(F7,">9",F7,"<=15") -> 0 | E101: =IF(C101=0,0,IF(COUNTIF(I101:I108,">0")>2,1,0)) -> 0 | H101: 1推 | I101: =F7-F9 -> 19
B102: 15-30 | C102: =COUNTIFS(F7,">15",F7,"<=30") -> 1 | E102: =IF(C102=0,0,IF(COUNTIF(I101:I108,">0")>2,1,0)) -> 0 | H102: 2推 | I102: =F9-F11 -> 5
B103: 30以上 | C103: =COUNTIFS(F7,">30") -> 0 | E103: =IF(C103=0,0,IF(COUNTIF(I101:I108,">0")>2,1,0)) -> 0 | H103: 3推 | I103: =F11-F13 -> 0
H104: 4推 | I104: =F13-F15 -> 0
H105: 5推 | I105: =F14-F16 -> 0
H106: 6推 | I106: =F16-F18 -> 0
H107: 7推 | I107: =F19-F21 -> 0
H108: 8推 | I108: =F21-0 -> 0
D116: 球杆
A117: 救球 | B117: 切杆距离 | C117: {=INDIRECT("C"&(1+C84*6))} -> 50 | D117: {=IFERROR(INDIRECT("C"&(C84*6)),0)} -> 56度 | E117: 是否救球 | F117: 剩余距离 | G117: 是否沙坑 | H117: 剩余距离 | I117: 救球条件 | J117: 1有切杆
B118: 0-10 | C118: =COUNTIFS(C117,">0",C117,"<=10") -> 0 | D118: {=IFERROR(IF(INDIRECT("C"&(C84*6))="52度",C118,0) + IF(INDIRECT("C"&(C84*6))="56度",C118,0),0)} -> 0 | E118: =IF(AND(C82=TRUE, C87=FALSE),D118,0) -> 0 | F118: =IF(D118=0,0,F7) -> 0 | G118: {=IFERROR(IF(AND(INDIRECT("C"&(C84*6))="52度",INDIRECT("C"&(C84*6+3))="沙坑"),C118,0) + IF(AND(INDIRECT("C"&(C84*6))="56度",INDIRECT("C"&(C84*6+3))="沙坑"),C118,0),0)} -> 0 | H118: =IF(G118=0,0,F7) -> 0 | J118: 2par
B119: 10-20 | C119: =COUNTIFS(C117,">10",C117,"<=20") -> 0 | D119: {=IFERROR(IF(INDIRECT("C"&(C84*6))="52度",C119,0) + IF(INDIRECT("C"&(C84*6))="56度",C119,0),0)} -> 0 | E119: =IF(AND(C82=TRUE, C87=FALSE),D119,0) -> 0 | F119: =IF(D119=0,0,F7) -> 0 | G119: {=IFERROR(IF(AND(INDIRECT("C"&(C84*6))="52度",INDIRECT("C"&(C84*6+3))="沙坑"),C119,0) + IF(AND(INDIRECT("C"&(C84*6))="56度",INDIRECT("C"&(C84*6+3))="沙坑"),C119,0),)} -> 0 | H119: =IF(G119=0,0,F7) -> 0 | J119: 3不标on
B120: 20-30 | C120: =COUNTIFS(C117,">20",C117,"<=30") -> 0 | D120: {=IFERROR(IF(INDIRECT("C"&(C84*6))="52度",C120,0) + IF(INDIRECT("C"&(C84*6))="56度",C120,0),0)} -> 0 | E120: =IF(AND(C82=TRUE, C87=FALSE),D120,0) -> 0 | F120: =IF(D120=0,0,F7) -> 0 | G120: {=IFERROR(IF(AND(INDIRECT("C"&(C84*6))="52度",INDIRECT("C"&(C84*6+3))="沙坑"),C120,0) + IF(AND(INDIRECT("C"&(C84*6))="56度",INDIRECT("C"&(C84*6+3))="沙坑"),C120,0),0)} -> 0 | H120: =IF(G120=0,0,F7) -> 0 | J120: 最后切杆距离
B121: 30-40 | C121: =COUNTIFS(C117,">30",C117,"<=40") -> 0 | D121: {=IFERROR(IF(INDIRECT("C"&(C84*6))="52度",C121,0) + IF(INDIRECT("C"&(C84*6))="56度",C121,0),)} -> 0 | E121: =IF(AND(C82=TRUE, C87=FALSE),D121,0) -> 0 | F121: =IF(D121=0,0,F7) -> 0 | G121: {=IFERROR(IF(AND(INDIRECT("C"&(C84*6))="52度",INDIRECT("C"&(C84*6+3))="沙坑"),C121,0) + IF(AND(INDIRECT("C"&(C84*6))="56度",INDIRECT("C"&(C84*6+3))="沙坑"),C121,0),0)} -> 0 | H121: =IF(G121=0,0,F7) -> 0
B122: 40-50 | C122: =COUNTIFS(C117,">40",C117,"<=50") -> 1 | D122: {=IFERROR(IF(INDIRECT("C"&(C84*6))="52度",C122,0) + IF(INDIRECT("C"&(C84*6))="56度",C122,0),0)} -> 1 | E122: =IF(AND(C82=TRUE, C87=FALSE),D122,0) -> 0 | F122: =IF(D122=0,0,F7) -> 24 | G122: {=IFERROR(IF(AND(INDIRECT("C"&(C84*6))="52度",INDIRECT("C"&(C84*6+3))="沙坑"),C122,0) + IF(AND(INDIRECT("C"&(C84*6))="56度",INDIRECT("C"&(C84*6+3))="沙坑"),C122,0),0)} -> 0 | H122: =IF(G122=0,0,F7) -> 0
H123: 距离 | I123: 是否直攻 | J123: 球杆 | K123: 是否上果岭 | L123: 铁杆距离 | M123: 距洞口距离
A124: 铁杆 | B124: 直攻 | C124: 总数 | D124: 是否上果岭 | E124: 准确度(ft） | G124: 第一攻 | H124: {=IFERROR(INDIRECT("C"&I124) -IF(INDIRECT("C"&(I124+6))=0,ROUND(F7/3,0),INDIRECT("C"&(I124+6))),"")} -> 120 | I124: {=IFERROR(_xlfn._xlws.FILTER(ROW(C6:C65),C6:C65="直攻","")-3,)} -> 13 | J124: {=IFERROR(INDIRECT("C"&I124-1),"")} -> 球道木 | K124: {=IF(INDIRECT("C"&I124+6)>0,FALSE,TRUE)} -> FALSE | L124: =IF(OR(J124="52度",J124="56度"),"",H124) -> 120 | M124: =VLOOKUP(TRUE,K124:L128,2,0)
B125: 50-75 | C125: =COUNTIFS(L124:L128,">50",L124:L128,"<=75") -> 0 | D125: =COUNTIFS(M124,">50",M124,"<=75") -> 0 | E125: =IF(D125=0,0,F7) -> 0 | G125: 第二攻 | H125: {=IFERROR(INDIRECT("C"&I125)-IF(INDIRECT("C"&(I125+6))=0,ROUND(F7/3,0),INDIRECT("C"&(I125+6))),"")} -> 42 | I125: 19 | J125: {=IFERROR(INDIRECT("C"&I125-1),"")} -> 56度 | K125: {=IF(INDIRECT("C"&I125+6)>0,FALSE,TRUE)} -> TRUE | L125: =IF(OR(J125="52度",J125="56度"),"",H125)
...

Sheet 10号洞
B2: 标准杆 | C2: 5 | D2: 杆
B3: 成绩 | C3: 4 | D3: 杆
B5: 挥杆&切杆 | E5: 推杆
B6: 第一杆 | C6: 1号木 | E6: 第一推
B7: 距离： | C7: 473 | D7: yd | E7: 距离： | F7: 15 | G7: ft
B8: 方向： | C8: 直球 | E8: 第二推
B9: 球位 | C9: 球道 | E9: 距离： | G9: ft
B10: 是否直攻 | C10: 过渡 | E10: 第三推
B11: 罚杆 | C11: 0 | D11: 杆 | E11: 距离： | G11: ft
B12: 第二杆 | C12: 球道木 | E12: 第四推
B13: 距离： | C13: 300 | D13: yd | E13: 距离： | G13: ft
B14: 方向： | C14: 直球 | E14: 第五推
B15: 球位 | C15: 球道 | E15: 距离： | G15: ft
B16: 是否直攻 | C16: 过渡 | E16: 第六推
B17: 罚杆 | C17: 0 | D17: 杆 | E17: 距离： | G17: ft
B18: 第三杆 | C18: 56度 | E18: 第七推
B19: 距离： | C19: 50 | D19: yd | E19: 距离： | G19: ft
B20: 方向： | C20: 直球 | E20: 第8推
B21: 球位 | C21: 球道 | E21: 距离： | G21: ft
B22: 是否直攻 | C22: 直攻
B23: 罚杆 | C23: 0 | D23: 杆 | E23: 额外罚杆 | G23: 杆
B24: 第四杆
B25: 距离： | D25: yd
B26: 方向：
B27: 球位
B28: 是否直攻
B29: 罚杆 | D29: 杆
B30: 第五杆
B31: 距离： | D31: yd
B32: 方向：
B33: 球位
B34: 是否直攻
B35: 罚杆 | D35: 杆
B36: 第六杆
B37: 距离： | D37: yd
B38: 方向：
B39: 球位
B40: 是否直攻
B41: 罚杆 | D41: 杆
B42: 第七杆
B43: 距离： | D43: yd
B44: 方向：
B45: 球位
B46: 是否直攻
B47: 罚杆 | D47: 杆
B48: 第八杆
B49: 距离： | D49: yd
B50: 方向：
B51: 球位
B52: 是否直攻
B53: 罚杆 | D53: 杆
B54: 第九杆
B55: 距离： | D55: yd
B56: 方向：
B57: 球位
B58: 是否直攻
B59: 罚杆 | D59: 杆
B60: 第十杆
B61: 距离： | D61: yd
B62: 方向：
B63: 球位
B64: 是否直攻
B65: 罚杆 | D65: 杆
D80: 成绩核对
B81: 总成绩 | C81: =C83+C86+C84 -> 4 | D81: =IF(C81-C3=0,TRUE,FALSE) -> TRUE
B82: PAR or less | C82: =(C81-C2)<=0 -> TRUE
B83: 总罚杆 | C83: =SUM(C11,C17,C23,C29,C35,C41,C47,C53,C59,C65,F23) -> 0
B84: 总挥切杆 | C84: =COUNT(C7,C13,C19,C25,C31,C37,C43,C49,C55,C61) -> 3
B85: 总切杆 | C85: =COUNTIF(C6:D65,"52度")+COUNTIF(C6:D65,"56度") -> 1
B86: 总推杆 | C86: =COUNT(F6:F21) -> 1 | E86: 一推 | F86: =IF(C86=1,1,0) -> 1 | G86: 三推 | H86: =IF(C86>2,1,0) -> 0
B87: 标On | C87: =C2-C84-C83>=2 -> TRUE | E87: 标On推杆 | F87: =IF(C87,C86,0) -> 1
B88: 一切一推 | C88: =C85*C86=1 -> TRUE | F88: 1号木标志 | H88: 长草 | I88: 沙坑 | J88: 直球 | K88: 偏左 | L88: 偏右
B89: 开球距离 | C89: =IF(C84>1,C7-C13,ROUND(C7-F7/3,0)) -> 173 | E89: =IF(C6="1号木",C89,0) -> 173 | F89: =IF(C6="1号木",1,0) -> 1 | H89: =IF(C9="长草",TRUE,FALSE) -> FALSE | I89: =IF(C9="沙坑",TRUE,FALSE) -> FALSE | J89: =IF(C8="直球",TRUE,FALSE) -> TRUE | K89: =IF(C8="偏左",TRUE,FALSE) -> FALSE | L89: =IF(C8="偏右",TRUE,FALSE) -> FALSE
B90: 上球道 | C90: =IF(C9="球道",TRUE,FALSE) -> TRUE | E90: =IF(C6="1号木",C90,0) -> TRUE | F90: =IF(C6="1号木",1,0) -> 1 | H90: =IF(F90=1,H89+0,0) -> 0 | I90: =IF(F90=1,I89+0,0) -> 0 | J90: =IF(F90=1,J89+0,0) -> 1 | K90: =IF(F90=1,K89+0,0) -> 0 | L90: =IF(F90=1,L89+0,0) -> 0
D92: 是否推进
A93: 推杆 | B93: 0-3 | C93: =COUNTIFS(I101:I108,">0",I101:I108,"<=3") -> 0 | D93: =COUNTIF(C98,"<=3") -> 0
B94: 3-9 | C94: =COUNTIFS(I101:I108,">3",I101:I108,"<=9") -> 0 | D94: =COUNTIFS(C98,">3",C98,"<=9") -> 0
B95: 9-15 | C95: =COUNTIFS(I101:I108,">9",I101:I108,"<=15") -> 1 | D95: =COUNTIFS(C98,">9",C98,"<=15") -> 1
B96: 15-30 | C96: =COUNTIFS(I101:I108,">15",I101:I108,"<=30") -> 0 | D96: =COUNTIFS(C98,">15",C98,"<=30") -> 0
B97: 30以上 | C97: =COUNTIFS(I101:I108,">30") -> 0 | D97: =COUNTIF(C98,">30") -> 0
B98: 推杆距离 | C98: {=INDIRECT("F"&(5+C86*2))} -> 15
E100: 是否三推 | I100: 推杆距离
A101: 三推 | B101: 9-15 | C101: =COUNTIFS(F7,">9",F7,"<=15") -> 1 | E101: =IF(C101=0,0,IF(COUNTIF(I101:I108,">0")>2,1,0)) -> 0 | H101: 1推 | I101: =F7-F9 -> 15
B102: 15-30 | C102: =COUNTIFS(F7,">15",F7,"<=30") -> 0 | E102: =IF(C102=0,0,IF(COUNTIF(I101:I108,">0")>2,1,0)) -> 0 | H102: 2推 | I102: =F9-F11 -> 0
B103: 30以上 | C103: =COUNTIFS(F7,">30") -> 0 | E103: =IF(C103=0,0,IF(COUNTIF(I101:I108,">0")>2,1,0)) -> 0 | H103: 3推 | I103: =F11-F13 -> 0
H104: 4推 | I104: =F13-F15 -> 0
H105: 5推 | I105: =F14-F16 -> 0
H106: 6推 | I106: =F16-F18 -> 0
H107: 7推 | I107: =F19-F21 -> 0
H108: 8推 | I108: =F21-0 -> 0
D116: 球杆
A117: 救球 | B117: 切杆距离 | C117: {=INDIRECT("C"&(1+C84*6))} -> 50 | D117: {=IFERROR(INDIRECT("C"&(C84*6)),0)} -> 56度 | E117: 是否救球 | F117: 剩余距离 | G117: 是否沙坑 | H117: 剩余距离 | I117: 救球条件 | J117: 1有切杆
B118: 0-10 | C118: =COUNTIFS(C117,">0",C117,"<=10") -> 0 | D118: {=IFERROR(IF(INDIRECT("C"&(C84*6))="52度",C118,0) + IF(INDIRECT("C"&(C84*6))="56度",C118,0),0)} -> 0 | E118: =IF(AND(C82=TRUE, C87=FALSE),D118,0) -> 0 | F118: =IF(D118=0,0,F7) -> 0 | G118: {=IFERROR(IF(AND(INDIRECT("C"&(C84*6))="52度",INDIRECT("C"&(C84*6+3))="沙坑"),C118,0) + IF(AND(INDIRECT("C"&(C84*6))="56度",INDIRECT("C"&(C84*6+3))="沙坑"),C118,0),0)} -> 0 | H118: =IF(G118=0,0,F7) -> 0 | J118: 2par
B119: 10-20 | C119: =COUNTIFS(C117,">10",C117,"<=20") -> 0 | D119: {=IFERROR(IF(INDIRECT("C"&(C84*6))="52度",C119,0) + IF(INDIRECT("C"&(C84*6))="56度",C119,0),0)} -> 0 | E119: =IF(AND(C82=TRUE, C87=FALSE),D119,0) -> 0 | F119: =IF(D119=0,0,F7) -> 0 | G119: {=IFERROR(IF(AND(INDIRECT("C"&(C84*6))="52度",INDIRECT("C"&(C84*6+3))="沙坑"),C119,0) + IF(AND(INDIRECT("C"&(C84*6))="56度",INDIRECT("C"&(C84*6+3))="沙坑"),C119,0),)} -> 0 | H119: =IF(G119=0,0,F7) -> 0 | J119: 3不标on
B120: 20-30 | C120: =COUNTIFS(C117,">20",C117,"<=30") -> 0 | D120: {=IFERROR(IF(INDIRECT("C"&(C84*6))="52度",C120,0) + IF(INDIRECT("C"&(C84*6))="56度",C120,0),0)} -> 0 | E120: =IF(AND(C82=TRUE, C87=FALSE),D120,0) -> 0 | F120: =IF(D120=0,0,F7) -> 0 | G120: {=IFERROR(IF(AND(INDIRECT("C"&(C84*6))="52度",INDIRECT("C"&(C84*6+3))="沙坑"),C120,0) + IF(AND(INDIRECT("C"&(C84*6))="56度",INDIRECT("C"&(C84*6+3))="沙坑"),C120,0),0)} -> 0 | H120: =IF(G120=0,0,F7) -> 0 | J120: 最后切杆距离
B121: 30-40 | C121: =COUNTIFS(C117,">30",C117,"<=40") -> 0 | D121: {=IFERROR(IF(INDIRECT("C"&(C84*6))="52度",C121,0) + IF(INDIRECT("C"&(C84*6))="56度",C121,0),)} -> 0 | E121: =IF(AND(C82=TRUE, C87=FALSE),D121,0) -> 0 | F121: =IF(D121=0,0,F7) -> 0 | G121: {=IFERROR(IF(AND(INDIRECT("C"&(C84*6))="52度",INDIRECT("C"&(C84*6+3))="沙坑"),C121,0) + IF(AND(INDIRECT("C"&(C84*6))="56度",INDIRECT("C"&(C84*6+3))="沙坑"),C121,0),0)} -> 0 | H121: =IF(G121=0,0,F7) -> 0
B122: 40-50 | C122: =COUNTIFS(C117,">40",C117,"<=50") -> 1 | D122: {=IFERROR(IF(INDIRECT("C"&(C84*6))="52度",C122,0) + IF(INDIRECT("C"&(C84*6))="56度",C122,0),0)} -> 1 | E122: =IF(AND(C82=TRUE, C87=FALSE),D122,0) -> 0 | F122: =IF(D122=0,0,F7) -> 15 | G122: {=IFERROR(IF(AND(INDIRECT("C"&(C84*6))="52度",INDIRECT("C"&(C84*6+3))="沙坑"),C122,0) + IF(AND(INDIRECT("C"&(C84*6))="56度",INDIRECT("C"&(C84*6+3))="沙坑"),C122,0),0)} -> 0 | H122: =IF(G122=0,0,F7) -> 0
H123: 距离 | I123: 是否直攻 | J123: 球杆 | K123: 是否上果岭 | L123: 铁杆距离 | M123: 距洞口距离
A124: 铁杆 | B124: 直攻 | C124: 总数 | D124: 是否上果岭 | E124: 准确度(ft） | G124: 第一攻 | H124: {=IFERROR(INDIRECT("C"&I124) -IF(INDIRECT("C"&(I124+6))=0,ROUND(F7/3,0),INDIRECT("C"&(I124+6))),"")} -> 45 | I124: {=IFERROR(_xlfn._xlws.FILTER(ROW(C6:C65),C6:C65="直攻","")-3,)} -> 19 | J124: {=IFERROR(INDIRECT("C"&I124-1),"")} -> 56度 | K124: {=IF(INDIRECT("C"&I124+6)>0,FALSE,TRUE)} -> TRUE | L124: =IF(OR(J124="52度",J124="56度"),"",H124) | M124: =VLOOKUP(TRUE,K124:L128,2,0)
B125: 50-75 | C125: =COUNTIFS(L124:L128,">50",L124:L128,"<=75") -> 0 | D125: =COUNTIFS(M124,">50",M124,"<=75") -> 0 | E125: =IF(D125=0,0,F7) -> 0 | G125: 第二攻 | H125: {=IFERROR(INDIRECT("C"&I125)-IF(INDIRECT("C"&(I125+6))=0,ROUND(F7/3,0),INDIRECT("C"&(I125+6))),"")} | J125: {=IFERROR(INDIRECT("C"&I125-1),"")} | K125: {=IF(INDIRECT("C"&I125+6)>0,FALSE,TRUE)} -> FALSE | L125: =IF(OR(J125="52度",J125="56度"),"",H125)
...

Sheet 11号洞
B2: 标准杆 | C2: 4 | D2: 杆
B3: 成绩 | C3: 4 | D3: 杆
B5: 挥杆&切杆 | E5: 推杆
B6: 第一杆 | C6: 1号木 | E6: 第一推
B7: 距离： | C7: 287 | D7: yd | E7: 距离： | F7: 15 | G7: ft
B8: 方向： | C8: 偏右 | E8: 第二推
B9: 球位 | C9: 球道 | E9: 距离： | F9: 2 | G9: ft
B10: 是否直攻 | C10: 过渡 | E10: 第三推
B11: 罚杆 | C11: 0 | D11: 杆 | E11: 距离： | G11: ft
B12: 第二杆 | C12: 7铁 | E12: 第四推
B13: 距离： | C13: 100 | D13: yd | E13: 距离： | G13: ft
B14: 方向： | C14: 直球 | E14: 第五推
B15: 球位 | C15: 球道 | E15: 距离： | G15: ft
B16: 是否直攻 | C16: 直攻 | E16: 第六推
B17: 罚杆 | C17: 0 | D17: 杆 | E17: 距离： | G17: ft
B18: 第三杆 | E18: 第七推
B19: 距离： | D19: yd | E19: 距离： | G19: ft
B20: 方向： | E20: 第8推
B21: 球位 | E21: 距离： | G21: ft
B22: 是否直攻
B23: 罚杆 | D23: 杆 | E23: 额外罚杆 | G23: 杆
B24: 第四杆
B25: 距离： | D25: yd
B26: 方向：
B27: 球位
B28: 是否直攻
B29: 罚杆 | D29: 杆
B30: 第五杆
B31: 距离： | D31: yd
B32: 方向：
B33: 球位
B34: 是否直攻
B35: 罚杆 | D35: 杆
B36: 第六杆
B37: 距离： | D37: yd
B38: 方向：
B39: 球位
B40: 是否直攻
B41: 罚杆 | D41: 杆
B42: 第七杆
B43: 距离： | D43: yd
B44: 方向：
B45: 球位
B46: 是否直攻
B47: 罚杆 | D47: 杆
B48: 第八杆
B49: 距离： | D49: yd
B50: 方向：
B51: 球位
B52: 是否直攻
B53: 罚杆 | D53: 杆
B54: 第九杆
B55: 距离： | D55: yd
B56: 方向：
B57: 球位
B58: 是否直攻
B59: 罚杆 | D59: 杆
B60: 第十杆
B61: 距离： | D61: yd
B62: 方向：
B63: 球位
B64: 是否直攻
B65: 罚杆 | D65: 杆
D80: 成绩核对
B81: 总成绩 | C81: =C83+C86+C84 -> 4 | D81: =IF(C81-C3=0,TRUE,FALSE) -> TRUE
B82: PAR or less | C82: =(C81-C2)<=0 -> TRUE
B83: 总罚杆 | C83: =SUM(C11,C17,C23,C29,C35,C41,C47,C53,C59,C65,F23) -> 0
B84: 总挥切杆 | C84: =COUNT(C7,C13,C19,C25,C31,C37,C43,C49,C55,C61) -> 2
B85: 总切杆 | C85: =COUNTIF(C6:D65,"52度")+COUNTIF(C6:D65,"56度") -> 0
B86: 总推杆 | C86: =COUNT(F6:F21) -> 2 | E86: 一推 | F86: =IF(C86=1,1,0) -> 0 | G86: 三推 | H86: =IF(C86>2,1,0) -> 0
B87: 标On | C87: =C2-C84-C83>=2 -> TRUE | E87: 标On推杆 | F87: =IF(C87,C86,0) -> 2
B88: 一切一推 | C88: =C85*C86=1 -> FALSE | F88: 1号木标志 | H88: 长草 | I88: 沙坑 | J88: 直球 | K88: 偏左 | L88: 偏右
B89: 开球距离 | C89: =IF(C84>1,C7-C13,ROUND(C7-F7/3,0)) -> 187 | E89: =IF(C6="1号木",C89,0) -> 187 | F89: =IF(C6="1号木",1,0) -> 1 | H89: =IF(C9="长草",TRUE,FALSE) -> FALSE | I89: =IF(C9="沙坑",TRUE,FALSE) -> FALSE | J89: =IF(C8="直球",TRUE,FALSE) -> FALSE | K89: =IF(C8="偏左",TRUE,FALSE) -> FALSE | L89: =IF(C8="偏右",TRUE,FALSE) -> TRUE
B90: 上球道 | C90: =IF(C9="球道",TRUE,FALSE) -> TRUE | E90: =IF(C6="1号木",C90,0) -> TRUE | F90: =IF(C6="1号木",1,0) -> 1 | H90: =IF(F90=1,H89+0,0) -> 0 | I90: =IF(F90=1,I89+0,0) -> 0 | J90: =IF(F90=1,J89+0,0) -> 0 | K90: =IF(F90=1,K89+0,0) -> 0 | L90: =IF(F90=1,L89+0,0) -> 1
D92: 是否推进
A93: 推杆 | B93: 0-3 | C93: =COUNTIFS(I101:I108,">0",I101:I108,"<=3") -> 1 | D93: =COUNTIF(C98,"<=3") -> 1
B94: 3-9 | C94: =COUNTIFS(I101:I108,">3",I101:I108,"<=9") -> 0 | D94: =COUNTIFS(C98,">3",C98,"<=9") -> 0
B95: 9-15 | C95: =COUNTIFS(I101:I108,">9",I101:I108,"<=15") -> 1 | D95: =COUNTIFS(C98,">9",C98,"<=15") -> 0
B96: 15-30 | C96: =COUNTIFS(I101:I108,">15",I101:I108,"<=30") -> 0 | D96: =COUNTIFS(C98,">15",C98,"<=30") -> 0
B97: 30以上 | C97: =COUNTIFS(I101:I108,">30") -> 0 | D97: =COUNTIF(C98,">30") -> 0
B98: 推杆距离 | C98: {=INDIRECT("F"&(5+C86*2))} -> 2
E100: 是否三推 | I100: 推杆距离
A101: 三推 | B101: 9-15 | C101: =COUNTIFS(F7,">9",F7,"<=15") -> 1 | E101: =IF(C101=0,0,IF(COUNTIF(I101:I108,">0")>2,1,0)) -> 0 | H101: 1推 | I101: =F7-F9 -> 13
B102: 15-30 | C102: =COUNTIFS(F7,">15",F7,"<=30") -> 0 | E102: =IF(C102=0,0,IF(COUNTIF(I101:I108,">0")>2,1,0)) -> 0 | H102: 2推 | I102: =F9-F11 -> 2
B103: 30以上 | C103: =COUNTIFS(F7,">30") -> 0 | E103: =IF(C103=0,0,IF(COUNTIF(I101:I108,">0")>2,1,0)) -> 0 | H103: 3推 | I103: =F11-F13 -> 0
H104: 4推 | I104: =F13-F15 -> 0
H105: 5推 | I105: =F14-F16 -> 0
H106: 6推 | I106: =F16-F18 -> 0
H107: 7推 | I107: =F19-F21 -> 0
H108: 8推 | I108: =F21-0 -> 0
D116: 球杆
A117: 救球 | B117: 切杆距离 | C117: {=INDIRECT("C"&(1+C84*6))} -> 100 | D117: {=IFERROR(INDIRECT("C"&(C84*6)),0)} -> 7铁 | E117: 是否救球 | F117: 剩余距离 | G117: 是否沙坑 | H117: 剩余距离 | I117: 救球条件 | J117: 1有切杆
B118: 0-10 | C118: =COUNTIFS(C117,">0",C117,"<=10") -> 0 | D118: {=IFERROR(IF(INDIRECT("C"&(C84*6))="52度",C118,0) + IF(INDIRECT("C"&(C84*6))="56度",C118,0),0)} -> 0 | E118: =IF(AND(C82=TRUE, C87=FALSE),D118,0) -> 0 | F118: =IF(D118=0,0,F7) -> 0 | G118: {=IFERROR(IF(AND(INDIRECT("C"&(C84*6))="52度",INDIRECT("C"&(C84*6+3))="沙坑"),C118,0) + IF(AND(INDIRECT("C"&(C84*6))="56度",INDIRECT("C"&(C84*6+3))="沙坑"),C118,0),0)} -> 0 | H118: =IF(G118=0,0,F7) -> 0 | J118: 2par
B119: 10-20 | C119: =COUNTIFS(C117,">10",C117,"<=20") -> 0 | D119: {=IFERROR(IF(INDIRECT("C"&(C84*6))="52度",C119,0) + IF(INDIRECT("C"&(C84*6))="56度",C119,0),0)} -> 0 | E119: =IF(AND(C82=TRUE, C87=FALSE),D119,0) -> 0 | F119: =IF(D119=0,0,F7) -> 0 | G119: {=IFERROR(IF(AND(INDIRECT("C"&(C84*6))="52度",INDIRECT("C"&(C84*6+3))="沙坑"),C119,0) + IF(AND(INDIRECT("C"&(C84*6))="56度",INDIRECT("C"&(C84*6+3))="沙坑"),C119,0),)} -> 0 | H119: =IF(G119=0,0,F7) -> 0 | J119: 3不标on
B120: 20-30 | C120: =COUNTIFS(C117,">20",C117,"<=30") -> 0 | D120: {=IFERROR(IF(INDIRECT("C"&(C84*6))="52度",C120,0) + IF(INDIRECT("C"&(C84*6))="56度",C120,0),0)} -> 0 | E120: =IF(AND(C82=TRUE, C87=FALSE),D120,0) -> 0 | F120: =IF(D120=0,0,F7) -> 0 | G120: {=IFERROR(IF(AND(INDIRECT("C"&(C84*6))="52度",INDIRECT("C"&(C84*6+3))="沙坑"),C120,0) + IF(AND(INDIRECT("C"&(C84*6))="56度",INDIRECT("C"&(C84*6+3))="沙坑"),C120,0),0)} -> 0 | H120: =IF(G120=0,0,F7) -> 0 | J120: 最后切杆距离
B121: 30-40 | C121: =COUNTIFS(C117,">30",C117,"<=40") -> 0 | D121: {=IFERROR(IF(INDIRECT("C"&(C84*6))="52度",C121,0) + IF(INDIRECT("C"&(C84*6))="56度",C121,0),)} -> 0 | E121: =IF(AND(C82=TRUE, C87=FALSE),D121,0) -> 0 | F121: =IF(D121=0,0,F7) -> 0 | G121: {=IFERROR(IF(AND(INDIRECT("C"&(C84*6))="52度",INDIRECT("C"&(C84*6+3))="沙坑"),C121,0) + IF(AND(INDIRECT("C"&(C84*6))="56度",INDIRECT("C"&(C84*6+3))="沙坑"),C121,0),0)} -> 0 | H121: =IF(G121=0,0,F7) -> 0
B122: 40-50 | C122: =COUNTIFS(C117,">40",C117,"<=50") -> 0 | D122: {=IFERROR(IF(INDIRECT("C"&(C84*6))="52度",C122,0) + IF(INDIRECT("C"&(C84*6))="56度",C122,0),0)} -> 0 | E122: =IF(AND(C82=TRUE, C87=FALSE),D122,0) -> 0 | F122: =IF(D122=0,0,F7) -> 0 | G122: {=IFERROR(IF(AND(INDIRECT("C"&(C84*6))="52度",INDIRECT("C"&(C84*6+3))="沙坑"),C122,0) + IF(AND(INDIRECT("C"&(C84*6))="56度",INDIRECT("C"&(C84*6+3))="沙坑"),C122,0),0)} -> 0 | H122: =IF(G122=0,0,F7) -> 0
H123: 距离 | I123: 是否直攻 | J123: 球杆 | K123: 是否上果岭 | L123: 铁杆距离 | M123: 距洞口距离
A124: 铁杆 | B124: 直攻 | C124: 总数 | D124: 是否上果岭 | E124: 准确度(ft） | G124: 第一攻 | H124: {=IFERROR(INDIRECT("C"&I124) -IF(INDIRECT("C"&(I124+6))=0,ROUND(F7/3,0),INDIRECT("C"&(I124+6))),"")} -> 95 | I124: {=IFERROR(_xlfn._xlws.FILTER(ROW(C6:C65),C6:C65="直攻","")-3,)} -> 13 | J124: {=IFERROR(INDIRECT("C"&I124-1),"")} -> 7铁 | K124: {=IF(INDIRECT("C"&I124+6)>0,FALSE,TRUE)} -> TRUE | L124: =IF(OR(J124="52度",J124="56度"),"",H124) -> 95 | M124: =VLOOKUP(TRUE,K124:L128,2,0) -> 95
B125: 50-75 | C125: =COUNTIFS(L124:L128,">50",L124:L128,"<=75") -> 0 | D125: =COUNTIFS(M124,">50",M124,"<=75") -> 0 | E125: =IF(D125=0,0,F7) -> 0 | G125: 第二攻 | H125: {=IFERROR(INDIRECT("C"&I125)-IF(INDIRECT("C"&(I125+6))=0,ROUND(F7/3,0),INDIRECT("C"&(I125+6))),"")} | J125: {=IFERROR(INDIRECT("C"&I125-1),"")} | K125: {=IF(INDIRECT("C"&I125+6)>0,FALSE,TRUE)} -> FALSE | L125: =IF(OR(J125="52度",J125="56度"),"",H125)
...

Sheet 12号洞
B2: 标准杆 | C2: 4 | D2: 杆
B3: 成绩 | C3: 4 | D3: 杆
B5: 挥杆&切杆 | E5: 推杆
B6: 第一杆 | C6: 1号木 | E6: 第一推
B7: 距离： | C7: 378 | D7: yd | E7: 距离： | F7: 6 | G7: ft
B8: 方向： | C8: 直球 | E8: 第二推
B9: 球位 | C9: 球道 | E9: 距离： | G9: ft
B10: 是否直攻 | C10: 过渡 | E10: 第三推
B11: 罚杆 | C11: 0 | D11: 杆 | E11: 距离： | G11: ft
B12: 第二杆 | C12: 球道木 | E12: 第四推
B13: 距离： | C13: 170 | D13: yd | E13: 距离： | G13: ft
B14: 方向： | C14: 直球 | E14: 第五推
B15: 球位 | C15: 球道 | E15: 距离： | G15: ft
B16: 是否直攻 | C16: 直攻 | E16: 第六推
B17: 罚杆 | C17: 0 | D17: 杆 | E17: 距离： | G17: ft
B18: 第三杆 | C18: 56度 | E18: 第七推
B19: 距离： | C19: 8 | D19: yd | E19: 距离： | G19: ft
B20: 方向： | C20: 直球 | E20: 第8推
B21: 球位 | C21: 球道 | E21: 距离： | G21: ft
B22: 是否直攻 | C22: 直攻
B23: 罚杆 | C23: 0 | D23: 杆 | E23: 额外罚杆 | G23: 杆
B24: 第四杆
B25: 距离： | D25: yd
B26: 方向：
B27: 球位
B28: 是否直攻
B29: 罚杆 | D29: 杆
B30: 第五杆
B31: 距离： | D31: yd
B32: 方向：
B33: 球位
B34: 是否直攻
B35: 罚杆 | D35: 杆
B36: 第六杆
B37: 距离： | D37: yd
B38: 方向：
B39: 球位
B40: 是否直攻
B41: 罚杆 | D41: 杆
B42: 第七杆
B43: 距离： | D43: yd
B44: 方向：
B45: 球位
B46: 是否直攻
B47: 罚杆 | D47: 杆
B48: 第八杆
B49: 距离： | D49: yd
B50: 方向：
B51: 球位
B52: 是否直攻
B53: 罚杆 | D53: 杆
B54: 第九杆
B55: 距离： | D55: yd
B56: 方向：
B57: 球位
B58: 是否直攻
B59: 罚杆 | D59: 杆
B60: 第十杆
B61: 距离： | D61: yd
B62: 方向：
B63: 球位
B64: 是否直攻
B65: 罚杆 | D65: 杆
D80: 成绩核对
B81: 总成绩 | C81: =C83+C86+C84 -> 4 | D81: =IF(C81-C3=0,TRUE,FALSE) -> TRUE
B82: PAR or less | C82: =(C81-C2)<=0 -> TRUE
B83: 总罚杆 | C83: =SUM(C11,C17,C23,C29,C35,C41,C47,C53,C59,C65,F23) -> 0
B84: 总挥切杆 | C84: =COUNT(C7,C13,C19,C25,C31,C37,C43,C49,C55,C61) -> 3
B85: 总切杆 | C85: =COUNTIF(C6:D65,"52度")+COUNTIF(C6:D65,"56度") -> 1
B86: 总推杆 | C86: =COUNT(F6:F21) -> 1 | E86: 一推 | F86: =IF(C86=1,1,0) -> 1 | G86: 三推 | H86: =IF(C86>2,1,0) -> 0
B87: 标On | C87: =C2-C84-C83>=2 -> FALSE | E87: 标On推杆 | F87: =IF(C87,C86,0) -> 0
B88: 一切一推 | C88: =C85*C86=1 -> TRUE | F88: 1号木标志 | H88: 长草 | I88: 沙坑 | J88: 直球 | K88: 偏左 | L88: 偏右
B89: 开球距离 | C89: =IF(C84>1,C7-C13,ROUND(C7-F7/3,0)) -> 208 | E89: =IF(C6="1号木",C89,0) -> 208 | F89: =IF(C6="1号木",1,0) -> 1 | H89: =IF(C9="长草",TRUE,FALSE) -> FALSE | I89: =IF(C9="沙坑",TRUE,FALSE) -> FALSE | J89: =IF(C8="直球",TRUE,FALSE) -> TRUE | K89: =IF(C8="偏左",TRUE,FALSE) -> FALSE | L89: =IF(C8="偏右",TRUE,FALSE) -> FALSE
B90: 上球道 | C90: =IF(C9="球道",TRUE,FALSE) -> TRUE | E90: =IF(C6="1号木",C90,0) -> TRUE | F90: =IF(C6="1号木",1,0) -> 1 | H90: =IF(F90=1,H89+0,0) -> 0 | I90: =IF(F90=1,I89+0,0) -> 0 | J90: =IF(F90=1,J89+0,0) -> 1 | K90: =IF(F90=1,K89+0,0) -> 0 | L90: =IF(F90=1,L89+0,0) -> 0
D92: 是否推进
A93: 推杆 | B93: 0-3 | C93: =COUNTIFS(I101:I108,">0",I101:I108,"<=3") -> 0 | D93: =COUNTIF(C98,"<=3") -> 0
B94: 3-9 | C94: =COUNTIFS(I101:I108,">3",I101:I108,"<=9") -> 1 | D94: =COUNTIFS(C98,">3",C98,"<=9") -> 1
B95: 9-15 | C95: =COUNTIFS(I101:I108,">9",I101:I108,"<=15") -> 0 | D95: =COUNTIFS(C98,">9",C98,"<=15") -> 0
B96: 15-30 | C96: =COUNTIFS(I101:I108,">15",I101:I108,"<=30") -> 0 | D96: =COUNTIFS(C98,">15",C98,"<=30") -> 0
B97: 30以上 | C97: =COUNTIFS(I101:I108,">30") -> 0 | D97: =COUNTIF(C98,">30") -> 0
B98: 推杆距离 | C98: {=INDIRECT("F"&(5+C86*2))} -> 6
E100: 是否三推 | I100: 推杆距离
A101: 三推 | B101: 9-15 | C101: =COUNTIFS(F7,">9",F7,"<=15") -> 0 | E101: =IF(C101=0,0,IF(COUNTIF(I101:I108,">0")>2,1,0)) -> 0 | H101: 1推 | I101: =F7-F9 -> 6
B102: 15-30 | C102: =COUNTIFS(F7,">15",F7,"<=30") -> 0 | E102: =IF(C102=0,0,IF(COUNTIF(I101:I108,">0")>2,1,0)) -> 0 | H102: 2推 | I102: =F9-F11 -> 0
B103: 30以上 | C103: =COUNTIFS(F7,">30") -> 0 | E103: =IF(C103=0,0,IF(COUNTIF(I101:I108,">0")>2,1,0)) -> 0 | H103: 3推 | I103: =F11-F13 -> 0
H104: 4推 | I104: =F13-F15 -> 0
H105: 5推 | I105: =F14-F16 -> 0
H106: 6推 | I106: =F16-F18 -> 0
H107: 7推 | I107: =F19-F21 -> 0
H108: 8推 | I108: =F21-0 -> 0
D116: 球杆
A117: 救球 | B117: 切杆距离 | C117: {=INDIRECT("C"&(1+C84*6))} -> 8 | D117: {=IFERROR(INDIRECT("C"&(C84*6)),0)} -> 56度 | E117: 是否救球 | F117: 剩余距离 | G117: 是否沙坑 | H117: 剩余距离 | I117: 救球条件 | J117: 1有切杆
B118: 0-10 | C118: =COUNTIFS(C117,">0",C117,"<=10") -> 1 | D118: {=IFERROR(IF(INDIRECT("C"&(C84*6))="52度",C118,0) + IF(INDIRECT("C"&(C84*6))="56度",C118,0),0)} -> 1 | E118: =IF(AND(C82=TRUE, C87=FALSE),D118,0) -> 1 | F118: =IF(D118=0,0,F7) -> 6 | G118: {=IFERROR(IF(AND(INDIRECT("C"&(C84*6))="52度",INDIRECT("C"&(C84*6+3))="沙坑"),C118,0) + IF(AND(INDIRECT("C"&(C84*6))="56度",INDIRECT("C"&(C84*6+3))="沙坑"),C118,0),0)} -> 0 | H118: =IF(G118=0,0,F7) -> 0 | J118: 2par
B119: 10-20 | C119: =COUNTIFS(C117,">10",C117,"<=20") -> 0 | D119: {=IFERROR(IF(INDIRECT("C"&(C84*6))="52度",C119,0) + IF(INDIRECT("C"&(C84*6))="56度",C119,0),0)} -> 0 | E119: =IF(AND(C82=TRUE, C87=FALSE),D119,0) -> 0 | F119: =IF(D119=0,0,F7) -> 0 | G119: {=IFERROR(IF(AND(INDIRECT("C"&(C84*6))="52度",INDIRECT("C"&(C84*6+3))="沙坑"),C119,0) + IF(AND(INDIRECT("C"&(C84*6))="56度",INDIRECT("C"&(C84*6+3))="沙坑"),C119,0),)} -> 0 | H119: =IF(G119=0,0,F7) -> 0 | J119: 3不标on
B120: 20-30 | C120: =COUNTIFS(C117,">20",C117,"<=30") -> 0 | D120: {=IFERROR(IF(INDIRECT("C"&(C84*6))="52度",C120,0) + IF(INDIRECT("C"&(C84*6))="56度",C120,0),0)} -> 0 | E120: =IF(AND(C82=TRUE, C87=FALSE),D120,0) -> 0 | F120: =IF(D120=0,0,F7) -> 0 | G120: {=IFERROR(IF(AND(INDIRECT("C"&(C84*6))="52度",INDIRECT("C"&(C84*6+3))="沙坑"),C120,0) + IF(AND(INDIRECT("C"&(C84*6))="56度",INDIRECT("C"&(C84*6+3))="沙坑"),C120,0),0)} -> 0 | H120: =IF(G120=0,0,F7) -> 0 | J120: 最后切杆距离
B121: 30-40 | C121: =COUNTIFS(C117,">30",C117,"<=40") -> 0 | D121: {=IFERROR(IF(INDIRECT("C"&(C84*6))="52度",C121,0) + IF(INDIRECT("C"&(C84*6))="56度",C121,0),)} -> 0 | E121: =IF(AND(C82=TRUE, C87=FALSE),D121,0) -> 0 | F121: =IF(D121=0,0,F7) -> 0 | G121: {=IFERROR(IF(AND(INDIRECT("C"&(C84*6))="52度",INDIRECT("C"&(C84*6+3))="沙坑"),C121,0) + IF(AND(INDIRECT("C"&(C84*6))="56度",INDIRECT("C"&(C84*6+3))="沙坑"),C121,0),0)} -> 0 | H121: =IF(G121=0,0,F7) -> 0
B122: 40-50 | C122: =COUNTIFS(C117,">40",C117,"<=50") -> 0 | D122: {=IFERROR(IF(INDIRECT("C"&(C84*6))="52度",C122,0) + IF(INDIRECT("C"&(C84*6))="56度",C122,0),0)} -> 0 | E122: =IF(AND(C82=TRUE, C87=FALSE),D122,0) -> 0 | F122: =IF(D122=0,0,F7) -> 0 | G122: {=IFERROR(IF(AND(INDIRECT("C"&(C84*6))="52度",INDIRECT("C"&(C84*6+3))="沙坑"),C122,0) + IF(AND(INDIRECT("C"&(C84*6))="56度",INDIRECT("C"&(C84*6+3))="沙坑"),C122,0),0)} -> 0 | H122: =IF(G122=0,0,F7) -> 0
H123: 距离 | I123: 是否直攻 | J123: 球杆 | K123: 是否上果岭 | L123: 铁杆距离 | M123: 距洞口距离
A124: 铁杆 | B124: 直攻 | C124: 总数 | D124: 是否上果岭 | E124: 准确度(ft） | G124: 第一攻 | H124: {=IFERROR(INDIRECT("C"&I124) -IF(INDIRECT("C"&(I124+6))=0,ROUND(F7/3,0),INDIRECT("C"&(I124+6))),"")} -> 162 | I124: {=IFERROR(_xlfn._xlws.FILTER(ROW(C6:C65),C6:C65="直攻","")-3,)} -> 13 | J124: {=IFERROR(INDIRECT("C"&I124-1),"")} -> 球道木 | K124: {=IF(INDIRECT("C"&I124+6)>0,FALSE,TRUE)} -> FALSE | L124: =IF(OR(J124="52度",J124="56度"),"",H124) -> 162 | M124: =VLOOKUP(TRUE,K124:L128,2,0)
B125: 50-75 | C125: =COUNTIFS(L124:L128,">50",L124:L128,"<=75") -> 0 | D125: =COUNTIFS(M124,">50",M124,"<=75") -> 0 | E125: =IF(D125=0,0,F7) -> 0 | G125: 第二攻 | H125: {=IFERROR(INDIRECT("C"&I125)-IF(INDIRECT("C"&(I125+6))=0,ROUND(F7/3,0),INDIRECT("C"&(I125+6))),"")} -> 6 | I125: 19 | J125: {=IFERROR(INDIRECT("C"&I125-1),"")} -> 56度 | K125: {=IF(INDIRECT("C"&I125+6)>0,FALSE,TRUE)} -> TRUE | L125: =IF(OR(J125="52度",J125="56度"),"",H125)
...

Sheet 13号洞
B2: 标准杆 | C2: 4 | D2: 杆
B3: 成绩 | C3: 5 | D3: 杆
B5: 挥杆&切杆 | E5: 推杆
B6: 第一杆 | C6: 1号木 | E6: 第一推
B7: 距离： | C7: 360 | D7: yd | E7: 距离： | F7: 15 | G7: ft
B8: 方向： | C8: 直球 | E8: 第二推
B9: 球位 | C9: 球道 | E9: 距离： | F9: 2 | G9: ft
B10: 是否直攻 | C10: 过渡 | E10: 第三推
B11: 罚杆 | C11: 0 | D11: 杆 | E11: 距离： | G11: ft
B12: 第二杆 | C12: 7铁 | E12: 第四推
B13: 距离： | C13: 153 | D13: yd | E13: 距离： | G13: ft
B14: 方向： | C14: 直球 | E14: 第五推
B15: 球位 | C15: 球道 | E15: 距离： | G15: ft
B16: 是否直攻 | C16: 直攻 | E16: 第六推
B17: 罚杆 | C17: 0 | D17: 杆 | E17: 距离： | G17: ft
B18: 第三杆 | C18: 56度 | E18: 第七推
B19: 距离： | C19: 20 | D19: yd | E19: 距离： | G19: ft
B20: 方向： | C20: 直球 | E20: 第8推
B21: 球位 | C21: 球道 | E21: 距离： | G21: ft
B22: 是否直攻 | C22: 直攻
B23: 罚杆 | C23: 0 | D23: 杆 | E23: 额外罚杆 | G23: 杆
B24: 第四杆
B25: 距离： | D25: yd
B26: 方向：
B27: 球位
B28: 是否直攻
B29: 罚杆 | D29: 杆
B30: 第五杆
B31: 距离： | D31: yd
B32: 方向：
B33: 球位
B34: 是否直攻
B35: 罚杆 | D35: 杆
B36: 第六杆
B37: 距离： | D37: yd
B38: 方向：
B39: 球位
B40: 是否直攻
B41: 罚杆 | D41: 杆
B42: 第七杆
B43: 距离： | D43: yd
B44: 方向：
B45: 球位
B46: 是否直攻
B47: 罚杆 | D47: 杆
B48: 第八杆
B49: 距离： | D49: yd
B50: 方向：
B51: 球位
B52: 是否直攻
B53: 罚杆 | D53: 杆
B54: 第九杆
B55: 距离： | D55: yd
B56: 方向：
B57: 球位
B58: 是否直攻
B59: 罚杆 | D59: 杆
B60: 第十杆
B61: 距离： | D61: yd
B62: 方向：
B63: 球位
B64: 是否直攻
B65: 罚杆 | D65: 杆
D80: 成绩核对
B81: 总成绩 | C81: =C83+C86+C84 -> 5 | D81: =IF(C81-C3=0,TRUE,FALSE) -> TRUE
B82: PAR or less | C82: =(C81-C2)<=0 -> FALSE
B83: 总罚杆 | C83: =SUM(C11,C17,C23,C29,C35,C41,C47,C53,C59,C65,F23) -> 0
B84: 总挥切杆 | C84: =COUNT(C7,C13,C19,C25,C31,C37,C43,C49,C55,C61) -> 3
B85: 总切杆 | C85: =COUNTIF(C6:D65,"52度")+COUNTIF(C6:D65,"56度") -> 1
B86: 总推杆 | C86: =COUNT(F6:F21) -> 2 | E86: 一推 | F86: =IF(C86=1,1,0) -> 0 | G86: 三推 | H86: =IF(C86>2,1,0) -> 0
B87: 标On | C87: =C2-C84-C83>=2 -> FALSE | E87: 标On推杆 | F87: =IF(C87,C86,0) -> 0
B88: 一切一推 | C88: =C85*C86=1 -> FALSE | F88: 1号木标志 | H88: 长草 | I88: 沙坑 | J88: 直球 | K88: 偏左 | L88: 偏右
B89: 开球距离 | C89: =IF(C84>1,C7-C13,ROUND(C7-F7/3,0)) -> 207 | E89: =IF(C6="1号木",C89,0) -> 207 | F89: =IF(C6="1号木",1,0) -> 1 | H89: =IF(C9="长草",TRUE,FALSE) -> FALSE | I89: =IF(C9="沙坑",TRUE,FALSE) -> FALSE | J89: =IF(C8="直球",TRUE,FALSE) -> TRUE | K89: =IF(C8="偏左",TRUE,FALSE) -> FALSE | L89: =IF(C8="偏右",TRUE,FALSE) -> FALSE
B90: 上球道 | C90: =IF(C9="球道",TRUE,FALSE) -> TRUE | E90: =IF(C6="1号木",C90,0) -> TRUE | F90: =IF(C6="1号木",1,0) -> 1 | H90: =IF(F90=1,H89+0,0) -> 0 | I90: =IF(F90=1,I89+0,0) -> 0 | J90: =IF(F90=1,J89+0,0) -> 1 | K90: =IF(F90=1,K89+0,0) -> 0 | L90: =IF(F90=1,L89+0,0) -> 0
D92: 是否推进
A93: 推杆 | B93: 0-3 | C93: =COUNTIFS(I101:I108,">0",I101:I108,"<=3") -> 1 | D93: =COUNTIF(C98,"<=3") -> 1
B94: 3-9 | C94: =COUNTIFS(I101:I108,">3",I101:I108,"<=9") -> 0 | D94: =COUNTIFS(C98,">3",C98,"<=9") -> 0
B95: 9-15 | C95: =COUNTIFS(I101:I108,">9",I101:I108,"<=15") -> 1 | D95: =COUNTIFS(C98,">9",C98,"<=15") -> 0
B96: 15-30 | C96: =COUNTIFS(I101:I108,">15",I101:I108,"<=30") -> 0 | D96: =COUNTIFS(C98,">15",C98,"<=30") -> 0
B97: 30以上 | C97: =COUNTIFS(I101:I108,">30") -> 0 | D97: =COUNTIF(C98,">30") -> 0
B98: 推杆距离 | C98: {=INDIRECT("F"&(5+C86*2))} -> 2
E100: 是否三推 | I100: 推杆距离
A101: 三推 | B101: 9-15 | C101: =COUNTIFS(F7,">9",F7,"<=15") -> 1 | E101: =IF(C101=0,0,IF(COUNTIF(I101:I108,">0")>2,1,0)) -> 0 | H101: 1推 | I101: =F7-F9 -> 13
B102: 15-30 | C102: =COUNTIFS(F7,">15",F7,"<=30") -> 0 | E102: =IF(C102=0,0,IF(COUNTIF(I101:I108,">0")>2,1,0)) -> 0 | H102: 2推 | I102: =F9-F11 -> 2
B103: 30以上 | C103: =COUNTIFS(F7,">30") -> 0 | E103: =IF(C103=0,0,IF(COUNTIF(I101:I108,">0")>2,1,0)) -> 0 | H103: 3推 | I103: =F11-F13 -> 0
H104: 4推 | I104: =F13-F15 -> 0
H105: 5推 | I105: =F14-F16 -> 0
H106: 6推 | I106: =F16-F18 -> 0
H107: 7推 | I107: =F19-F21 -> 0
H108: 8推 | I108: =F21-0 -> 0
D116: 球杆
A117: 救球 | B117: 切杆距离 | C117: {=INDIRECT("C"&(1+C84*6))} -> 20 | D117: {=IFERROR(INDIRECT("C"&(C84*6)),0)} -> 56度 | E117: 是否救球 | F117: 剩余距离 | G117: 是否沙坑 | H117: 剩余距离 | I117: 救球条件 | J117: 1有切杆
B118: 0-10 | C118: =COUNTIFS(C117,">0",C117,"<=10") -> 0 | D118: {=IFERROR(IF(INDIRECT("C"&(C84*6))="52度",C118,0) + IF(INDIRECT("C"&(C84*6))="56度",C118,0),0)} -> 0 | E118: =IF(AND(C82=TRUE, C87=FALSE),D118,0) -> 0 | F118: =IF(D118=0,0,F7) -> 0 | G118: {=IFERROR(IF(AND(INDIRECT("C"&(C84*6))="52度",INDIRECT("C"&(C84*6+3))="沙坑"),C118,0) + IF(AND(INDIRECT("C"&(C84*6))="56度",INDIRECT("C"&(C84*6+3))="沙坑"),C118,0),0)} -> 0 | H118: =IF(G118=0,0,F7) -> 0 | J118: 2par
B119: 10-20 | C119: =COUNTIFS(C117,">10",C117,"<=20") -> 1 | D119: {=IFERROR(IF(INDIRECT("C"&(C84*6))="52度",C119,0) + IF(INDIRECT("C"&(C84*6))="56度",C119,0),0)} -> 1 | E119: =IF(AND(C82=TRUE, C87=FALSE),D119,0) -> 0 | F119: =IF(D119=0,0,F7) -> 15 | G119: {=IFERROR(IF(AND(INDIRECT("C"&(C84*6))="52度",INDIRECT("C"&(C84*6+3))="沙坑"),C119,0) + IF(AND(INDIRECT("C"&(C84*6))="56度",INDIRECT("C"&(C84*6+3))="沙坑"),C119,0),)} -> 0 | H119: =IF(G119=0,0,F7) -> 0 | J119: 3不标on
B120: 20-30 | C120: =COUNTIFS(C117,">20",C117,"<=30") -> 0 | D120: {=IFERROR(IF(INDIRECT("C"&(C84*6))="52度",C120,0) + IF(INDIRECT("C"&(C84*6))="56度",C120,0),0)} -> 0 | E120: =IF(AND(C82=TRUE, C87=FALSE),D120,0) -> 0 | F120: =IF(D120=0,0,F7) -> 0 | G120: {=IFERROR(IF(AND(INDIRECT("C"&(C84*6))="52度",INDIRECT("C"&(C84*6+3))="沙坑"),C120,0) + IF(AND(INDIRECT("C"&(C84*6))="56度",INDIRECT("C"&(C84*6+3))="沙坑"),C120,0),0)} -> 0 | H120: =IF(G120=0,0,F7) -> 0 | J120: 最后切杆距离
B121: 30-40 | C121: =COUNTIFS(C117,">30",C117,"<=40") -> 0 | D121: {=IFERROR(IF(INDIRECT("C"&(C84*6))="52度",C121,0) + IF(INDIRECT("C"&(C84*6))="56度",C121,0),)} -> 0 | E121: =IF(AND(C82=TRUE, C87=FALSE),D121,0) -> 0 | F121: =IF(D121=0,0,F7) -> 0 | G121: {=IFERROR(IF(AND(INDIRECT("C"&(C84*6))="52度",INDIRECT("C"&(C84*6+3))="沙坑"),C121,0) + IF(AND(INDIRECT("C"&(C84*6))="56度",INDIRECT("C"&(C84*6+3))="沙坑"),C121,0),0)} -> 0 | H121: =IF(G121=0,0,F7) -> 0
B122: 40-50 | C122: =COUNTIFS(C117,">40",C117,"<=50") -> 0 | D122: {=IFERROR(IF(INDIRECT("C"&(C84*6))="52度",C122,0) + IF(INDIRECT("C"&(C84*6))="56度",C122,0),0)} -> 0 | E122: =IF(AND(C82=TRUE, C87=FALSE),D122,0) -> 0 | F122: =IF(D122=0,0,F7) -> 0 | G122: {=IFERROR(IF(AND(INDIRECT("C"&(C84*6))="52度",INDIRECT("C"&(C84*6+3))="沙坑"),C122,0) + IF(AND(INDIRECT("C"&(C84*6))="56度",INDIRECT("C"&(C84*6+3))="沙坑"),C122,0),0)} -> 0 | H122: =IF(G122=0,0,F7) -> 0
H123: 距离 | I123: 是否直攻 | J123: 球杆 | K123: 是否上果岭 | L123: 铁杆距离 | M123: 距洞口距离
A124: 铁杆 | B124: 直攻 | C124: 总数 | D124: 是否上果岭 | E124: 准确度(ft） | G124: 第一攻 | H124: {=IFERROR(INDIRECT("C"&I124) -IF(INDIRECT("C"&(I124+6))=0,ROUND(F7/3,0),INDIRECT("C"&(I124+6))),"")} -> 133 | I124: {=IFERROR(_xlfn._xlws.FILTER(ROW(C6:C65),C6:C65="直攻","")-3,)} -> 13 | J124: {=IFERROR(INDIRECT("C"&I124-1),"")} -> 7铁 | K124: {=IF(INDIRECT("C"&I124+6)>0,FALSE,TRUE)} -> FALSE | L124: =IF(OR(J124="52度",J124="56度"),"",H124) -> 133 | M124: =VLOOKUP(TRUE,K124:L128,2,0)
B125: 50-75 | C125: =COUNTIFS(L124:L128,">50",L124:L128,"<=75") -> 0 | D125: =COUNTIFS(M124,">50",M124,"<=75") -> 0 | E125: =IF(D125=0,0,F7) -> 0 | G125: 第二攻 | H125: {=IFERROR(INDIRECT("C"&I125)-IF(INDIRECT("C"&(I125+6))=0,ROUND(F7/3,0),INDIRECT("C"&(I125+6))),"")} -> 15 | I125: 19 | J125: {=IFERROR(INDIRECT("C"&I125-1),"")} -> 56度 | K125: {=IF(INDIRECT("C"&I125+6)>0,FALSE,TRUE)} -> TRUE | L125: =IF(OR(J125="52度",J125="56度"),"",H125)
...

Sheet 14号洞
B2: 标准杆 | C2: 3 | D2: 杆
B3: 成绩 | C3: 3 | D3: 杆
B5: 挥杆&切杆 | E5: 推杆
B6: 第一杆 | C6: 7铁 | E6: 第一推
B7: 距离： | C7: 154 | D7: yd | E7: 距离： | F7: 30 | G7: ft
B8: 方向： | C8: 偏右 | E8: 第二推
B9: 球位 | C9: 球道 | E9: 距离： | F9: 6 | G9: ft
B10: 是否直攻 | C10: 直攻 | E10: 第三推
B11: 罚杆 | C11: 0 | D11: 杆 | E11: 距离： | G11: ft
B12: 第二杆 | E12: 第四推
B13: 距离： | D13: yd | E13: 距离： | G13: ft
B14: 方向： | E14: 第五推
B15: 球位 | E15: 距离： | G15: ft
B16: 是否直攻 | E16: 第六推
B17: 罚杆 | D17: 杆 | E17: 距离： | G17: ft
B18: 第三杆 | E18: 第七推
B19: 距离： | D19: yd | E19: 距离： | G19: ft
B20: 方向： | E20: 第8推
B21: 球位 | E21: 距离： | G21: ft
B22: 是否直攻
B23: 罚杆 | D23: 杆 | E23: 额外罚杆 | G23: 杆
B24: 第四杆
B25: 距离： | D25: yd
B26: 方向：
B27: 球位
B28: 是否直攻
B29: 罚杆 | D29: 杆
B30: 第五杆
B31: 距离： | D31: yd
B32: 方向：
B33: 球位
B34: 是否直攻
B35: 罚杆 | D35: 杆
B36: 第六杆
B37: 距离： | D37: yd
B38: 方向：
B39: 球位
B40: 是否直攻
B41: 罚杆 | D41: 杆
B42: 第七杆
B43: 距离： | D43: yd
B44: 方向：
B45: 球位
B46: 是否直攻
B47: 罚杆 | D47: 杆
B48: 第八杆
B49: 距离： | D49: yd
B50: 方向：
B51: 球位
B52: 是否直攻
B53: 罚杆 | D53: 杆
B54: 第九杆
B55: 距离： | D55: yd
B56: 方向：
B57: 球位
B58: 是否直攻
B59: 罚杆 | D59: 杆
B60: 第十杆
B61: 距离： | D61: yd
B62: 方向：
B63: 球位
B64: 是否直攻
B65: 罚杆 | D65: 杆
D80: 成绩核对
B81: 总成绩 | C81: =C83+C86+C84 -> 3 | D81: =IF(C81-C3=0,TRUE,FALSE) -> TRUE
B82: PAR or less | C82: =(C81-C2)<=0 -> TRUE
B83: 总罚杆 | C83: =SUM(C11,C17,C23,C29,C35,C41,C47,C53,C59,C65,F23) -> 0
B84: 总挥切杆 | C84: =COUNT(C7,C13,C19,C25,C31,C37,C43,C49,C55,C61) -> 1
B85: 总切杆 | C85: =COUNTIF(C6:D65,"52度")+COUNTIF(C6:D65,"56度") -> 0
B86: 总推杆 | C86: =COUNT(F6:F21) -> 2 | E86: 一推 | F86: =IF(C86=1,1,0) -> 0 | G86: 三推 | H86: =IF(C86>2,1,0) -> 0
B87: 标On | C87: =C2-C84-C83>=2 -> TRUE | E87: 标On推杆 | F87: =IF(C87,C86,0) -> 2
B88: 一切一推 | C88: =C85*C86=1 -> FALSE | F88: 1号木标志 | H88: 长草 | I88: 沙坑 | J88: 直球 | K88: 偏左 | L88: 偏右
B89: 开球距离 | C89: =IF(C84>1,C7-C13,ROUND(C7-F7/3,0)) -> 144 | E89: =IF(C6="1号木",C89,0) -> 0 | F89: =IF(C6="1号木",1,0) -> 0 | H89: =IF(C9="长草",TRUE,FALSE) -> FALSE | I89: =IF(C9="沙坑",TRUE,FALSE) -> FALSE | J89: =IF(C8="直球",TRUE,FALSE) -> FALSE | K89: =IF(C8="偏左",TRUE,FALSE) -> FALSE | L89: =IF(C8="偏右",TRUE,FALSE) -> TRUE
B90: 上球道 | C90: =IF(C9="球道",TRUE,FALSE) -> TRUE | E90: =IF(C6="1号木",C90,0) -> 0 | F90: =IF(C6="1号木",1,0) -> 0 | H90: =IF(F90=1,H89+0,0) -> 0 | I90: =IF(F90=1,I89+0,0) -> 0 | J90: =IF(F90=1,J89+0,0) -> 0 | K90: =IF(F90=1,K89+0,0) -> 0 | L90: =IF(F90=1,L89+0,0) -> 0
D92: 是否推进
A93: 推杆 | B93: 0-3 | C93: =COUNTIFS(I101:I108,">0",I101:I108,"<=3") -> 0 | D93: =COUNTIF(C98,"<=3") -> 0
B94: 3-9 | C94: =COUNTIFS(I101:I108,">3",I101:I108,"<=9") -> 1 | D94: =COUNTIFS(C98,">3",C98,"<=9") -> 1
B95: 9-15 | C95: =COUNTIFS(I101:I108,">9",I101:I108,"<=15") -> 0 | D95: =COUNTIFS(C98,">9",C98,"<=15") -> 0
B96: 15-30 | C96: =COUNTIFS(I101:I108,">15",I101:I108,"<=30") -> 1 | D96: =COUNTIFS(C98,">15",C98,"<=30") -> 0
B97: 30以上 | C97: =COUNTIFS(I101:I108,">30") -> 0 | D97: =COUNTIF(C98,">30") -> 0
B98: 推杆距离 | C98: {=INDIRECT("F"&(5+C86*2))} -> 6
E100: 是否三推 | I100: 推杆距离
A101: 三推 | B101: 9-15 | C101: =COUNTIFS(F7,">9",F7,"<=15") -> 0 | E101: =IF(C101=0,0,IF(COUNTIF(I101:I108,">0")>2,1,0)) -> 0 | H101: 1推 | I101: =F7-F9 -> 24
B102: 15-30 | C102: =COUNTIFS(F7,">15",F7,"<=30") -> 1 | E102: =IF(C102=0,0,IF(COUNTIF(I101:I108,">0")>2,1,0)) -> 0 | H102: 2推 | I102: =F9-F11 -> 6
B103: 30以上 | C103: =COUNTIFS(F7,">30") -> 0 | E103: =IF(C103=0,0,IF(COUNTIF(I101:I108,">0")>2,1,0)) -> 0 | H103: 3推 | I103: =F11-F13 -> 0
H104: 4推 | I104: =F13-F15 -> 0
H105: 5推 | I105: =F14-F16 -> 0
H106: 6推 | I106: =F16-F18 -> 0
H107: 7推 | I107: =F19-F21 -> 0
H108: 8推 | I108: =F21-0 -> 0
D116: 球杆
A117: 救球 | B117: 切杆距离 | C117: {=INDIRECT("C"&(1+C84*6))} -> 154 | D117: {=IFERROR(INDIRECT("C"&(C84*6)),0)} -> 7铁 | E117: 是否救球 | F117: 剩余距离 | G117: 是否沙坑 | H117: 剩余距离 | I117: 救球条件 | J117: 1有切杆
B118: 0-10 | C118: =COUNTIFS(C117,">0",C117,"<=10") -> 0 | D118: {=IFERROR(IF(INDIRECT("C"&(C84*6))="52度",C118,0) + IF(INDIRECT("C"&(C84*6))="56度",C118,0),0)} -> 0 | E118: =IF(AND(C82=TRUE, C87=FALSE),D118,0) -> 0 | F118: =IF(D118=0,0,F7) -> 0 | G118: {=IFERROR(IF(AND(INDIRECT("C"&(C84*6))="52度",INDIRECT("C"&(C84*6+3))="沙坑"),C118,0) + IF(AND(INDIRECT("C"&(C84*6))="56度",INDIRECT("C"&(C84*6+3))="沙坑"),C118,0),0)} -> 0 | H118: =IF(G118=0,0,F7) -> 0 | J118: 2par
B119: 10-20 | C119: =COUNTIFS(C117,">10",C117,"<=20") -> 0 | D119: {=IFERROR(IF(INDIRECT("C"&(C84*6))="52度",C119,0) + IF(INDIRECT("C"&(C84*6))="56度",C119,0),0)} -> 0 | E119: =IF(AND(C82=TRUE, C87=FALSE),D119,0) -> 0 | F119: =IF(D119=0,0,F7) -> 0 | G119: {=IFERROR(IF(AND(INDIRECT("C"&(C84*6))="52度",INDIRECT("C"&(C84*6+3))="沙坑"),C119,0) + IF(AND(INDIRECT("C"&(C84*6))="56度",INDIRECT("C"&(C84*6+3))="沙坑"),C119,0),)} -> 0 | H119: =IF(G119=0,0,F7) -> 0 | J119: 3不标on
B120: 20-30 | C120: =COUNTIFS(C117,">20",C117,"<=30") -> 0 | D120: {=IFERROR(IF(INDIRECT("C"&(C84*6))="52度",C120,0) + IF(INDIRECT("C"&(C84*6))="56度",C120,0),0)} -> 0 | E120: =IF(AND(C82=TRUE, C87=FALSE),D120,0) -> 0 | F120: =IF(D120=0,0,F7) -> 0 | G120: {=IFERROR(IF(AND(INDIRECT("C"&(C84*6))="52度",INDIRECT("C"&(C84*6+3))="沙坑"),C120,0) + IF(AND(INDIRECT("C"&(C84*6))="56度",INDIRECT("C"&(C84*6+3))="沙坑"),C120,0),0)} -> 0 | H120: =IF(G120=0,0,F7) -> 0 | J120: 最后切杆距离
B121: 30-40 | C121: =COUNTIFS(C117,">30",C117,"<=40") -> 0 | D121: {=IFERROR(IF(INDIRECT("C"&(C84*6))="52度",C121,0) + IF(INDIRECT("C"&(C84*6))="56度",C121,0),)} -> 0 | E121: =IF(AND(C82=TRUE, C87=FALSE),D121,0) -> 0 | F121: =IF(D121=0,0,F7) -> 0 | G121: {=IFERROR(IF(AND(INDIRECT("C"&(C84*6))="52度",INDIRECT("C"&(C84*6+3))="沙坑"),C121,0) + IF(AND(INDIRECT("C"&(C84*6))="56度",INDIRECT("C"&(C84*6+3))="沙坑"),C121,0),0)} -> 0 | H121: =IF(G121=0,0,F7) -> 0
B122: 40-50 | C122: =COUNTIFS(C117,">40",C117,"<=50") -> 0 | D122: {=IFERROR(IF(INDIRECT("C"&(C84*6))="52度",C122,0) + IF(INDIRECT("C"&(C84*6))="56度",C122,0),0)} -> 0 | E122: =IF(AND(C82=TRUE, C87=FALSE),D122,0) -> 0 | F122: =IF(D122=0,0,F7) -> 0 | G122: {=IFERROR(IF(AND(INDIRECT("C"&(C84*6))="52度",INDIRECT("C"&(C84*6+3))="沙坑"),C122,0) + IF(AND(INDIRECT("C"&(C84*6))="56度",INDIRECT("C"&(C84*6+3))="沙坑"),C122,0),0)} -> 0 | H122: =IF(G122=0,0,F7) -> 0
H123: 距离 | I123: 是否直攻 | J123: 球杆 | K123: 是否上果岭 | L123: 铁杆距离 | M123: 距洞口距离
A124: 铁杆 | B124: 直攻 | C124: 总数 | D124: 是否上果岭 | E124: 准确度(ft） | G124: 第一攻 | H124: {=IFERROR(INDIRECT("C"&I124) -IF(INDIRECT("C"&(I124+6))=0,ROUND(F7/3,0),INDIRECT("C"&(I124+6))),"")} -> 144 | I124: {=IFERROR(_xlfn._xlws.FILTER(ROW(C6:C65),C6:C65="直攻","")-3,)} -> 7 | J124: {=IFERROR(INDIRECT("C"&I124-1),"")} -> 7铁 | K124: {=IF(INDIRECT("C"&I124+6)>0,FALSE,TRUE)} -> TRUE | L124: =IF(OR(J124="52度",J124="56度"),"",H124) -> 144 | M124: =VLOOKUP(TRUE,K124:L128,2,0) -> 144
B125: 50-75 | C125: =COUNTIFS(L124:L128,">50",L124:L128,"<=75") -> 0 | D125: =COUNTIFS(M124,">50",M124,"<=75") -> 0 | E125: =IF(D125=0,0,F7) -> 0 | G125: 第二攻 | H125: {=IFERROR(INDIRECT("C"&I125)-IF(INDIRECT("C"&(I125+6))=0,ROUND(F7/3,0),INDIRECT("C"&(I125+6))),"")} | J125: {=IFERROR(INDIRECT("C"&I125-1),"")} | K125: {=IF(INDIRECT("C"&I125+6)>0,FALSE,TRUE)} -> FALSE | L125: =IF(OR(J125="52度",J125="56度"),"",H125)
...

Sheet 15号洞
B2: 标准杆 | C2: 4 | D2: 杆
B3: 成绩 | C3: 5 | D3: 杆
B5: 挥杆&切杆 | E5: 推杆
B6: 第一杆 | C6: 1号木 | E6: 第一推
B7: 距离： | C7: 380 | D7: yd | E7: 距离： | F7: 15 | G7: ft
B8: 方向： | C8: 直球 | E8: 第二推
B9: 球位 | C9: 球道 | E9: 距离： | F9: 3 | G9: ft
B10: 是否直攻 | C10: 过渡 | E10: 第三推
B11: 罚杆 | C11: 0 | D11: 杆 | E11: 距离： | G11: ft
B12: 第二杆 | C12: 7铁 | E12: 第四推
B13: 距离： | C13: 190 | D13: yd | E13: 距离： | G13: ft
B14: 方向： | C14: 直球 | E14: 第五推
B15: 球位 | C15: 球道 | E15: 距离： | G15: ft
B16: 是否直攻 | C16: 过渡 | E16: 第六推
B17: 罚杆 | C17: 0 | D17: 杆 | E17: 距离： | G17: ft
B18: 第三杆 | C18: 56度 | E18: 第七推
B19: 距离： | C19: 65 | D19: yd | E19: 距离： | G19: ft
B20: 方向： | C20: 直球 | E20: 第8推
B21: 球位 | C21: 球道 | E21: 距离： | G21: ft
B22: 是否直攻 | C22: 直攻
B23: 罚杆 | C23: 0 | D23: 杆 | E23: 额外罚杆 | G23: 杆
B24: 第四杆
B25: 距离： | D25: yd
B26: 方向：
B27: 球位
B28: 是否直攻
B29: 罚杆 | D29: 杆
B30: 第五杆
B31: 距离： | D31: yd
B32: 方向：
B33: 球位
B34: 是否直攻
B35: 罚杆 | D35: 杆
B36: 第六杆
B37: 距离： | D37: yd
B38: 方向：
B39: 球位
B40: 是否直攻
B41: 罚杆 | D41: 杆
B42: 第七杆
B43: 距离： | D43: yd
B44: 方向：
B45: 球位
B46: 是否直攻
B47: 罚杆 | D47: 杆
B48: 第八杆
B49: 距离： | D49: yd
B50: 方向：
B51: 球位
B52: 是否直攻
B53: 罚杆 | D53: 杆
B54: 第九杆
B55: 距离： | D55: yd
B56: 方向：
B57: 球位
B58: 是否直攻
B59: 罚杆 | D59: 杆
B60: 第十杆
B61: 距离： | D61: yd
B62: 方向：
B63: 球位
B64: 是否直攻
B65: 罚杆 | D65: 杆
D80: 成绩核对
B81: 总成绩 | C81: =C83+C86+C84 -> 5 | D81: =IF(C81-C3=0,TRUE,FALSE) -> TRUE
B82: PAR or less | C82: =(C81-C2)<=0 -> FALSE
B83: 总罚杆 | C83: =SUM(C11,C17,C23,C29,C35,C41,C47,C53,C59,C65,F23) -> 0
B84: 总挥切杆 | C84: =COUNT(C7,C13,C19,C25,C31,C37,C43,C49,C55,C61) -> 3
B85: 总切杆 | C85: =COUNTIF(C6:D65,"52度")+COUNTIF(C6:D65,"56度") -> 1
B86: 总推杆 | C86: =COUNT(F6:F21) -> 2 | E86: 一推 | F86: =IF(C86=1,1,0) -> 0 | G86: 三推 | H86: =IF(C86>2,1,0) -> 0
B87: 标On | C87: =C2-C84-C83>=2 -> FALSE | E87: 标On推杆 | F87: =IF(C87,C86,0) -> 0
B88: 一切一推 | C88: =C85*C86=1 -> FALSE | F88: 1号木标志 | H88: 长草 | I88: 沙坑 | J88: 直球 | K88: 偏左 | L88: 偏右
B89: 开球距离 | C89: =IF(C84>1,C7-C13,ROUND(C7-F7/3,0)) -> 190 | E89: =IF(C6="1号木",C89,0) -> 190 | F89: =IF(C6="1号木",1,0) -> 1 | H89: =IF(C9="长草",TRUE,FALSE) -> FALSE | I89: =IF(C9="沙坑",TRUE,FALSE) -> FALSE | J89: =IF(C8="直球",TRUE,FALSE) -> TRUE | K89: =IF(C8="偏左",TRUE,FALSE) -> FALSE | L89: =IF(C8="偏右",TRUE,FALSE) -> FALSE
B90: 上球道 | C90: =IF(C9="球道",TRUE,FALSE) -> TRUE | E90: =IF(C6="1号木",C90,0) -> TRUE | F90: =IF(C6="1号木",1,0) -> 1 | H90: =IF(F90=1,H89+0,0) -> 0 | I90: =IF(F90=1,I89+0,0) -> 0 | J90: =IF(F90=1,J89+0,0) -> 1 | K90: =IF(F90=1,K89+0,0) -> 0 | L90: =IF(F90=1,L89+0,0) -> 0
D92: 是否推进
A93: 推杆 | B93: 0-3 | C93: =COUNTIFS(I101:I108,">0",I101:I108,"<=3") -> 1 | D93: =COUNTIF(C98,"<=3") -> 1
B94: 3-9 | C94: =COUNTIFS(I101:I108,">3",I101:I108,"<=9") -> 0 | D94: =COUNTIFS(C98,">3",C98,"<=9") -> 0
B95: 9-15 | C95: =COUNTIFS(I101:I108,">9",I101:I108,"<=15") -> 1 | D95: =COUNTIFS(C98,">9",C98,"<=15") -> 0
B96: 15-30 | C96: =COUNTIFS(I101:I108,">15",I101:I108,"<=30") -> 0 | D96: =COUNTIFS(C98,">15",C98,"<=30") -> 0
B97: 30以上 | C97: =COUNTIFS(I101:I108,">30") -> 0 | D97: =COUNTIF(C98,">30") -> 0
B98: 推杆距离 | C98: {=INDIRECT("F"&(5+C86*2))} -> 3
E100: 是否三推 | I100: 推杆距离
A101: 三推 | B101: 9-15 | C101: =COUNTIFS(F7,">9",F7,"<=15") -> 1 | E101: =IF(C101=0,0,IF(COUNTIF(I101:I108,">0")>2,1,0)) -> 0 | H101: 1推 | I101: =F7-F9 -> 12
B102: 15-30 | C102: =COUNTIFS(F7,">15",F7,"<=30") -> 0 | E102: =IF(C102=0,0,IF(COUNTIF(I101:I108,">0")>2,1,0)) -> 0 | H102: 2推 | I102: =F9-F11 -> 3
B103: 30以上 | C103: =COUNTIFS(F7,">30") -> 0 | E103: =IF(C103=0,0,IF(COUNTIF(I101:I108,">0")>2,1,0)) -> 0 | H103: 3推 | I103: =F11-F13 -> 0
H104: 4推 | I104: =F13-F15 -> 0
H105: 5推 | I105: =F14-F16 -> 0
H106: 6推 | I106: =F16-F18 -> 0
H107: 7推 | I107: =F19-F21 -> 0
H108: 8推 | I108: =F21-0 -> 0
D116: 球杆
A117: 救球 | B117: 切杆距离 | C117: {=INDIRECT("C"&(1+C84*6))} -> 65 | D117: {=IFERROR(INDIRECT("C"&(C84*6)),0)} -> 56度 | E117: 是否救球 | F117: 剩余距离 | G117: 是否沙坑 | H117: 剩余距离 | I117: 救球条件 | J117: 1有切杆
B118: 0-10 | C118: =COUNTIFS(C117,">0",C117,"<=10") -> 0 | D118: {=IFERROR(IF(INDIRECT("C"&(C84*6))="52度",C118,0) + IF(INDIRECT("C"&(C84*6))="56度",C118,0),0)} -> 0 | E118: =IF(AND(C82=TRUE, C87=FALSE),D118,0) -> 0 | F118: =IF(D118=0,0,F7) -> 0 | G118: {=IFERROR(IF(AND(INDIRECT("C"&(C84*6))="52度",INDIRECT("C"&(C84*6+3))="沙坑"),C118,0) + IF(AND(INDIRECT("C"&(C84*6))="56度",INDIRECT("C"&(C84*6+3))="沙坑"),C118,0),0)} -> 0 | H118: =IF(G118=0,0,F7) -> 0 | J118: 2par
B119: 10-20 | C119: =COUNTIFS(C117,">10",C117,"<=20") -> 0 | D119: {=IFERROR(IF(INDIRECT("C"&(C84*6))="52度",C119,0) + IF(INDIRECT("C"&(C84*6))="56度",C119,0),0)} -> 0 | E119: =IF(AND(C82=TRUE, C87=FALSE),D119,0) -> 0 | F119: =IF(D119=0,0,F7) -> 0 | G119: {=IFERROR(IF(AND(INDIRECT("C"&(C84*6))="52度",INDIRECT("C"&(C84*6+3))="沙坑"),C119,0) + IF(AND(INDIRECT("C"&(C84*6))="56度",INDIRECT("C"&(C84*6+3))="沙坑"),C119,0),)} -> 0 | H119: =IF(G119=0,0,F7) -> 0 | J119: 3不标on
B120: 20-30 | C120: =COUNTIFS(C117,">20",C117,"<=30") -> 0 | D120: {=IFERROR(IF(INDIRECT("C"&(C84*6))="52度",C120,0) + IF(INDIRECT("C"&(C84*6))="56度",C120,0),0)} -> 0 | E120: =IF(AND(C82=TRUE, C87=FALSE),D120,0) -> 0 | F120: =IF(D120=0,0,F7) -> 0 | G120: {=IFERROR(IF(AND(INDIRECT("C"&(C84*6))="52度",INDIRECT("C"&(C84*6+3))="沙坑"),C120,0) + IF(AND(INDIRECT("C"&(C84*6))="56度",INDIRECT("C"&(C84*6+3))="沙坑"),C120,0),0)} -> 0 | H120: =IF(G120=0,0,F7) -> 0 | J120: 最后切杆距离
B121: 30-40 | C121: =COUNTIFS(C117,">30",C117,"<=40") -> 0 | D121: {=IFERROR(IF(INDIRECT("C"&(C84*6))="52度",C121,0) + IF(INDIRECT("C"&(C84*6))="56度",C121,0),)} -> 0 | E121: =IF(AND(C82=TRUE, C87=FALSE),D121,0) -> 0 | F121: =IF(D121=0,0,F7) -> 0 | G121: {=IFERROR(IF(AND(INDIRECT("C"&(C84*6))="52度",INDIRECT("C"&(C84*6+3))="沙坑"),C121,0) + IF(AND(INDIRECT("C"&(C84*6))="56度",INDIRECT("C"&(C84*6+3))="沙坑"),C121,0),0)} -> 0 | H121: =IF(G121=0,0,F7) -> 0
B122: 40-50 | C122: =COUNTIFS(C117,">40",C117,"<=50") -> 0 | D122: {=IFERROR(IF(INDIRECT("C"&(C84*6))="52度",C122,0) + IF(INDIRECT("C"&(C84*6))="56度",C122,0),0)} -> 0 | E122: =IF(AND(C82=TRUE, C87=FALSE),D122,0) -> 0 | F122: =IF(D122=0,0,F7) -> 0 | G122: {=IFERROR(IF(AND(INDIRECT("C"&(C84*6))="52度",INDIRECT("C"&(C84*6+3))="沙坑"),C122,0) + IF(AND(INDIRECT("C"&(C84*6))="56度",INDIRECT("C"&(C84*6+3))="沙坑"),C122,0),0)} -> 0 | H122: =IF(G122=0,0,F7) -> 0
H123: 距离 | I123: 是否直攻 | J123: 球杆 | K123: 是否上果岭 | L123: 铁杆距离 | M123: 距洞口距离
A124: 铁杆 | B124: 直攻 | C124: 总数 | D124: 是否上果岭 | E124: 准确度(ft） | G124: 第一攻 | H124: {=IFERROR(INDIRECT("C"&I124) -IF(INDIRECT("C"&(I124+6))=0,ROUND(F7/3,0),INDIRECT("C"&(I124+6))),"")} -> 60 | I124: {=IFERROR(_xlfn._xlws.FILTER(ROW(C6:C65),C6:C65="直攻","")-3,)} -> 19 | J124: {=IFERROR(INDIRECT("C"&I124-1),"")} -> 56度 | K124: {=IF(INDIRECT("C"&I124+6)>0,FALSE,TRUE)} -> TRUE | L124: =IF(OR(J124="52度",J124="56度"),"",H124) | M124: =VLOOKUP(TRUE,K124:L128,2,0)
B125: 50-75 | C125: =COUNTIFS(L124:L128,">50",L124:L128,"<=75") -> 0 | D125: =COUNTIFS(M124,">50",M124,"<=75") -> 0 | E125: =IF(D125=0,0,F7) -> 0 | G125: 第二攻 | H125: {=IFERROR(INDIRECT("C"&I125)-IF(INDIRECT("C"&(I125+6))=0,ROUND(F7/3,0),INDIRECT("C"&(I125+6))),"")} | J125: {=IFERROR(INDIRECT("C"&I125-1),"")} | K125: {=IF(INDIRECT("C"&I125+6)>0,FALSE,TRUE)} -> FALSE | L125: =IF(OR(J125="52度",J125="56度"),"",H125)
...

Sheet 16号洞
B2: 标准杆 | C2: 3 | D2: 杆
B3: 成绩 | C3: 3 | D3: 杆
B5: 挥杆&切杆 | E5: 推杆
B6: 第一杆 | C6: 7铁 | E6: 第一推
B7: 距离： | C7: 127 | D7: yd | E7: 距离： | F7: 12 | G7: ft
B8: 方向： | C8: 直球 | E8: 第二推
B9: 球位 | C9: 球道 | E9: 距离： | F9: 1 | G9: ft
B10: 是否直攻 | C10: 直攻 | E10: 第三推
B11: 罚杆 | C11: 0 | D11: 杆 | E11: 距离： | G11: ft
B12: 第二杆 | E12: 第四推
B13: 距离： | D13: yd | E13: 距离： | G13: ft
B14: 方向： | E14: 第五推
B15: 球位 | E15: 距离： | G15: ft
B16: 是否直攻 | E16: 第六推
B17: 罚杆 | D17: 杆 | E17: 距离： | G17: ft
B18: 第三杆 | E18: 第七推
B19: 距离： | D19: yd | E19: 距离： | G19: ft
B20: 方向： | E20: 第8推
B21: 球位 | E21: 距离： | G21: ft
B22: 是否直攻
B23: 罚杆 | D23: 杆 | E23: 额外罚杆 | G23: 杆
B24: 第四杆
B25: 距离： | D25: yd
B26: 方向：
B27: 球位
B28: 是否直攻
B29: 罚杆 | D29: 杆
B30: 第五杆
B31: 距离： | D31: yd
B32: 方向：
B33: 球位
B34: 是否直攻
B35: 罚杆 | D35: 杆
B36: 第六杆
B37: 距离： | D37: yd
B38: 方向：
B39: 球位
B40: 是否直攻
B41: 罚杆 | D41: 杆
B42: 第七杆
B43: 距离： | D43: yd
B44: 方向：
B45: 球位
B46: 是否直攻
B47: 罚杆 | D47: 杆
B48: 第八杆
B49: 距离： | D49: yd
B50: 方向：
B51: 球位
B52: 是否直攻
B53: 罚杆 | D53: 杆
B54: 第九杆
B55: 距离： | D55: yd
B56: 方向：
B57: 球位
B58: 是否直攻
B59: 罚杆 | D59: 杆
B60: 第十杆
B61: 距离： | D61: yd
B62: 方向：
B63: 球位
B64: 是否直攻
B65: 罚杆 | D65: 杆
D80: 成绩核对
B81: 总成绩 | C81: =C83+C86+C84 -> 3 | D81: =IF(C81-C3=0,TRUE,FALSE) -> TRUE
B82: PAR or less | C82: =(C81-C2)<=0 -> TRUE
B83: 总罚杆 | C83: =SUM(C11,C17,C23,C29,C35,C41,C47,C53,C59,C65,F23) -> 0
B84: 总挥切杆 | C84: =COUNT(C7,C13,C19,C25,C31,C37,C43,C49,C55,C61) -> 1
B85: 总切杆 | C85: =COUNTIF(C6:D65,"52度")+COUNTIF(C6:D65,"56度") -> 0
B86: 总推杆 | C86: =COUNT(F6:F21) -> 2 | E86: 一推 | F86: =IF(C86=1,1,0) -> 0 | G86: 三推 | H86: =IF(C86>2,1,0) -> 0
B87: 标On | C87: =C2-C84-C83>=2 -> TRUE | E87: 标On推杆 | F87: =IF(C87,C86,0) -> 2
B88: 一切一推 | C88: =C85*C86=1 -> FALSE | F88: 1号木标志 | H88: 长草 | I88: 沙坑 | J88: 直球 | K88: 偏左 | L88: 偏右
B89: 开球距离 | C89: =IF(C84>1,C7-C13,ROUND(C7-F7/3,0)) -> 123 | E89: =IF(C6="1号木",C89,0) -> 0 | F89: =IF(C6="1号木",1,0) -> 0 | H89: =IF(C9="长草",TRUE,FALSE) -> FALSE | I89: =IF(C9="沙坑",TRUE,FALSE) -> FALSE | J89: =IF(C8="直球",TRUE,FALSE) -> TRUE | K89: =IF(C8="偏左",TRUE,FALSE) -> FALSE | L89: =IF(C8="偏右",TRUE,FALSE) -> FALSE
B90: 上球道 | C90: =IF(C9="球道",TRUE,FALSE) -> TRUE | E90: =IF(C6="1号木",C90,0) -> 0 | F90: =IF(C6="1号木",1,0) -> 0 | H90: =IF(F90=1,H89+0,0) -> 0 | I90: =IF(F90=1,I89+0,0) -> 0 | J90: =IF(F90=1,J89+0,0) -> 0 | K90: =IF(F90=1,K89+0,0) -> 0 | L90: =IF(F90=1,L89+0,0) -> 0
D92: 是否推进
A93: 推杆 | B93: 0-3 | C93: =COUNTIFS(I101:I108,">0",I101:I108,"<=3") -> 1 | D93: =COUNTIF(C98,"<=3") -> 1
B94: 3-9 | C94: =COUNTIFS(I101:I108,">3",I101:I108,"<=9") -> 0 | D94: =COUNTIFS(C98,">3",C98,"<=9") -> 0
B95: 9-15 | C95: =COUNTIFS(I101:I108,">9",I101:I108,"<=15") -> 1 | D95: =COUNTIFS(C98,">9",C98,"<=15") -> 0
B96: 15-30 | C96: =COUNTIFS(I101:I108,">15",I101:I108,"<=30") -> 0 | D96: =COUNTIFS(C98,">15",C98,"<=30") -> 0
B97: 30以上 | C97: =COUNTIFS(I101:I108,">30") -> 0 | D97: =COUNTIF(C98,">30") -> 0
B98: 推杆距离 | C98: {=INDIRECT("F"&(5+C86*2))} -> 1
E100: 是否三推 | I100: 推杆距离
A101: 三推 | B101: 9-15 | C101: =COUNTIFS(F7,">9",F7,"<=15") -> 1 | E101: =IF(C101=0,0,IF(COUNTIF(I101:I108,">0")>2,1,0)) -> 0 | H101: 1推 | I101: =F7-F9 -> 11
B102: 15-30 | C102: =COUNTIFS(F7,">15",F7,"<=30") -> 0 | E102: =IF(C102=0,0,IF(COUNTIF(I101:I108,">0")>2,1,0)) -> 0 | H102: 2推 | I102: =F9-F11 -> 1
B103: 30以上 | C103: =COUNTIFS(F7,">30") -> 0 | E103: =IF(C103=0,0,IF(COUNTIF(I101:I108,">0")>2,1,0)) -> 0 | H103: 3推 | I103: =F11-F13 -> 0
H104: 4推 | I104: =F13-F15 -> 0
H105: 5推 | I105: =F14-F16 -> 0
H106: 6推 | I106: =F16-F18 -> 0
H107: 7推 | I107: =F19-F21 -> 0
H108: 8推 | I108: =F21-0 -> 0
D116: 球杆
A117: 救球 | B117: 切杆距离 | C117: {=INDIRECT("C"&(1+C84*6))} -> 127 | D117: {=IFERROR(INDIRECT("C"&(C84*6)),0)} -> 7铁 | E117: 是否救球 | F117: 剩余距离 | G117: 是否沙坑 | H117: 剩余距离 | I117: 救球条件 | J117: 1有切杆
B118: 0-10 | C118: =COUNTIFS(C117,">0",C117,"<=10") -> 0 | D118: {=IFERROR(IF(INDIRECT("C"&(C84*6))="52度",C118,0) + IF(INDIRECT("C"&(C84*6))="56度",C118,0),0)} -> 0 | E118: =IF(AND(C82=TRUE, C87=FALSE),D118,0) -> 0 | F118: =IF(D118=0,0,F7) -> 0 | G118: {=IFERROR(IF(AND(INDIRECT("C"&(C84*6))="52度",INDIRECT("C"&(C84*6+3))="沙坑"),C118,0) + IF(AND(INDIRECT("C"&(C84*6))="56度",INDIRECT("C"&(C84*6+3))="沙坑"),C118,0),0)} -> 0 | H118: =IF(G118=0,0,F7) -> 0 | J118: 2par
B119: 10-20 | C119: =COUNTIFS(C117,">10",C117,"<=20") -> 0 | D119: {=IFERROR(IF(INDIRECT("C"&(C84*6))="52度",C119,0) + IF(INDIRECT("C"&(C84*6))="56度",C119,0),0)} -> 0 | E119: =IF(AND(C82=TRUE, C87=FALSE),D119,0) -> 0 | F119: =IF(D119=0,0,F7) -> 0 | G119: {=IFERROR(IF(AND(INDIRECT("C"&(C84*6))="52度",INDIRECT("C"&(C84*6+3))="沙坑"),C119,0) + IF(AND(INDIRECT("C"&(C84*6))="56度",INDIRECT("C"&(C84*6+3))="沙坑"),C119,0),)} -> 0 | H119: =IF(G119=0,0,F7) -> 0 | J119: 3不标on
B120: 20-30 | C120: =COUNTIFS(C117,">20",C117,"<=30") -> 0 | D120: {=IFERROR(IF(INDIRECT("C"&(C84*6))="52度",C120,0) + IF(INDIRECT("C"&(C84*6))="56度",C120,0),0)} -> 0 | E120: =IF(AND(C82=TRUE, C87=FALSE),D120,0) -> 0 | F120: =IF(D120=0,0,F7) -> 0 | G120: {=IFERROR(IF(AND(INDIRECT("C"&(C84*6))="52度",INDIRECT("C"&(C84*6+3))="沙坑"),C120,0) + IF(AND(INDIRECT("C"&(C84*6))="56度",INDIRECT("C"&(C84*6+3))="沙坑"),C120,0),0)} -> 0 | H120: =IF(G120=0,0,F7) -> 0 | J120: 最后切杆距离
B121: 30-40 | C121: =COUNTIFS(C117,">30",C117,"<=40") -> 0 | D121: {=IFERROR(IF(INDIRECT("C"&(C84*6))="52度",C121,0) + IF(INDIRECT("C"&(C84*6))="56度",C121,0),)} -> 0 | E121: =IF(AND(C82=TRUE, C87=FALSE),D121,0) -> 0 | F121: =IF(D121=0,0,F7) -> 0 | G121: {=IFERROR(IF(AND(INDIRECT("C"&(C84*6))="52度",INDIRECT("C"&(C84*6+3))="沙坑"),C121,0) + IF(AND(INDIRECT("C"&(C84*6))="56度",INDIRECT("C"&(C84*6+3))="沙坑"),C121,0),0)} -> 0 | H121: =IF(G121=0,0,F7) -> 0
B122: 40-50 | C122: =COUNTIFS(C117,">40",C117,"<=50") -> 0 | D122: {=IFERROR(IF(INDIRECT("C"&(C84*6))="52度",C122,0) + IF(INDIRECT("C"&(C84*6))="56度",C122,0),0)} -> 0 | E122: =IF(AND(C82=TRUE, C87=FALSE),D122,0) -> 0 | F122: =IF(D122=0,0,F7) -> 0 | G122: {=IFERROR(IF(AND(INDIRECT("C"&(C84*6))="52度",INDIRECT("C"&(C84*6+3))="沙坑"),C122,0) + IF(AND(INDIRECT("C"&(C84*6))="56度",INDIRECT("C"&(C84*6+3))="沙坑"),C122,0),0)} -> 0 | H122: =IF(G122=0,0,F7) -> 0
H123: 距离 | I123: 是否直攻 | J123: 球杆 | K123: 是否上果岭 | L123: 铁杆距离 | M123: 距洞口距离
A124: 铁杆 | B124: 直攻 | C124: 总数 | D124: 是否上果岭 | E124: 准确度(ft） | G124: 第一攻 | H124: {=IFERROR(INDIRECT("C"&I124) -IF(INDIRECT("C"&(I124+6))=0,ROUND(F7/3,0),INDIRECT("C"&(I124+6))),"")} -> 123 | I124: {=IFERROR(_xlfn._xlws.FILTER(ROW(C6:C65),C6:C65="直攻","")-3,)} -> 7 | J124: {=IFERROR(INDIRECT("C"&I124-1),"")} -> 7铁 | K124: {=IF(INDIRECT("C"&I124+6)>0,FALSE,TRUE)} -> TRUE | L124: =IF(OR(J124="52度",J124="56度"),"",H124) -> 123 | M124: =VLOOKUP(TRUE,K124:L128,2,0) -> 123
B125: 50-75 | C125: =COUNTIFS(L124:L128,">50",L124:L128,"<=75") -> 0 | D125: =COUNTIFS(M124,">50",M124,"<=75") -> 0 | E125: =IF(D125=0,0,F7) -> 0 | G125: 第二攻 | H125: {=IFERROR(INDIRECT("C"&I125)-IF(INDIRECT("C"&(I125+6))=0,ROUND(F7/3,0),INDIRECT("C"&(I125+6))),"")} | J125: {=IFERROR(INDIRECT("C"&I125-1),"")} | K125: {=IF(INDIRECT("C"&I125+6)>0,FALSE,TRUE)} -> FALSE | L125: =IF(OR(J125="52度",J125="56度"),"",H125)
...

Sheet 17号洞
B2: 标准杆 | C2: 4 | D2: 杆
B3: 成绩 | C3: 5 | D3: 杆
B5: 挥杆&切杆 | E5: 推杆
B6: 第一杆 | C6: 1号木 | E6: 第一推
B7: 距离： | C7: 370 | D7: yd | E7: 距离： | F7: 15 | G7: ft
B8: 方向： | C8: 直球 | E8: 第二推
B9: 球位 | C9: 球道 | E9: 距离： | F9: 1 | G9: ft
B10: 是否直攻 | C10: 过渡 | E10: 第三推
B11: 罚杆 | C11: 0 | D11: 杆 | E11: 距离： | G11: ft
B12: 第二杆 | C12: 球道木 | E12: 第四推
B13: 距离： | C13: 183 | D13: yd | E13: 距离： | G13: ft
B14: 方向： | C14: 直球 | E14: 第五推
B15: 球位 | C15: 球道 | E15: 距离： | G15: ft
B16: 是否直攻 | C16: 直攻 | E16: 第六推
B17: 罚杆 | C17: 0 | D17: 杆 | E17: 距离： | G17: ft
B18: 第三杆 | C18: 56度 | E18: 第七推
B19: 距离： | C19: 11 | D19: yd | E19: 距离： | G19: ft
B20: 方向： | C20: 直球 | E20: 第8推
B21: 球位 | C21: 球道 | E21: 距离： | G21: ft
B22: 是否直攻 | C22: 直攻
B23: 罚杆 | C23: 0 | D23: 杆 | E23: 额外罚杆 | G23: 杆
B24: 第四杆
B25: 距离： | D25: yd
B26: 方向：
B27: 球位
B28: 是否直攻
B29: 罚杆 | D29: 杆
B30: 第五杆
B31: 距离： | D31: yd
B32: 方向：
B33: 球位
B34: 是否直攻
B35: 罚杆 | D35: 杆
B36: 第六杆
B37: 距离： | D37: yd
B38: 方向：
B39: 球位
B40: 是否直攻
B41: 罚杆 | D41: 杆
B42: 第七杆
B43: 距离： | D43: yd
B44: 方向：
B45: 球位
B46: 是否直攻
B47: 罚杆 | D47: 杆
B48: 第八杆
B49: 距离： | D49: yd
B50: 方向：
B51: 球位
B52: 是否直攻
B53: 罚杆 | D53: 杆
B54: 第九杆
B55: 距离： | D55: yd
B56: 方向：
B57: 球位
B58: 是否直攻
B59: 罚杆 | D59: 杆
B60: 第十杆
B61: 距离： | D61: yd
B62: 方向：
B63: 球位
B64: 是否直攻
B65: 罚杆 | D65: 杆
D80: 成绩核对
B81: 总成绩 | C81: =C83+C86+C84 -> 5 | D81: =IF(C81-C3=0,TRUE,FALSE) -> TRUE
B82: PAR or less | C82: =(C81-C2)<=0 -> FALSE
B83: 总罚杆 | C83: =SUM(C11,C17,C23,C29,C35,C41,C47,C53,C59,C65,F23) -> 0
B84: 总挥切杆 | C84: =COUNT(C7,C13,C19,C25,C31,C37,C43,C49,C55,C61) -> 3
B85: 总切杆 | C85: =COUNTIF(C6:D65,"52度")+COUNTIF(C6:D65,"56度") -> 1
B86: 总推杆 | C86: =COUNT(F6:F21) -> 2 | E86: 一推 | F86: =IF(C86=1,1,0) -> 0 | G86: 三推 | H86: =IF(C86>2,1,0) -> 0
B87: 标On | C87: =C2-C84-C83>=2 -> FALSE | E87: 标On推杆 | F87: =IF(C87,C86,0) -> 0
B88: 一切一推 | C88: =C85*C86=1 -> FALSE | F88: 1号木标志 | H88: 长草 | I88: 沙坑 | J88: 直球 | K88: 偏左 | L88: 偏右
B89: 开球距离 | C89: =IF(C84>1,C7-C13,ROUND(C7-F7/3,0)) -> 187 | E89: =IF(C6="1号木",C89,0) -> 187 | F89: =IF(C6="1号木",1,0) -> 1 | H89: =IF(C9="长草",TRUE,FALSE) -> FALSE | I89: =IF(C9="沙坑",TRUE,FALSE) -> FALSE | J89: =IF(C8="直球",TRUE,FALSE) -> TRUE | K89: =IF(C8="偏左",TRUE,FALSE) -> FALSE | L89: =IF(C8="偏右",TRUE,FALSE) -> FALSE
B90: 上球道 | C90: =IF(C9="球道",TRUE,FALSE) -> TRUE | E90: =IF(C6="1号木",C90,0) -> TRUE | F90: =IF(C6="1号木",1,0) -> 1 | H90: =IF(F90=1,H89+0,0) -> 0 | I90: =IF(F90=1,I89+0,0) -> 0 | J90: =IF(F90=1,J89+0,0) -> 1 | K90: =IF(F90=1,K89+0,0) -> 0 | L90: =IF(F90=1,L89+0,0) -> 0
D92: 是否推进
A93: 推杆 | B93: 0-3 | C93: =COUNTIFS(I101:I108,">0",I101:I108,"<=3") -> 1 | D93: =COUNTIF(C98,"<=3") -> 1
B94: 3-9 | C94: =COUNTIFS(I101:I108,">3",I101:I108,"<=9") -> 0 | D94: =COUNTIFS(C98,">3",C98,"<=9") -> 0
B95: 9-15 | C95: =COUNTIFS(I101:I108,">9",I101:I108,"<=15") -> 1 | D95: =COUNTIFS(C98,">9",C98,"<=15") -> 0
B96: 15-30 | C96: =COUNTIFS(I101:I108,">15",I101:I108,"<=30") -> 0 | D96: =COUNTIFS(C98,">15",C98,"<=30") -> 0
B97: 30以上 | C97: =COUNTIFS(I101:I108,">30") -> 0 | D97: =COUNTIF(C98,">30") -> 0
B98: 推杆距离 | C98: {=INDIRECT("F"&(5+C86*2))} -> 1
E100: 是否三推 | I100: 推杆距离
A101: 三推 | B101: 9-15 | C101: =COUNTIFS(F7,">9",F7,"<=15") -> 1 | E101: =IF(C101=0,0,IF(COUNTIF(I101:I108,">0")>2,1,0)) -> 0 | H101: 1推 | I101: =F7-F9 -> 14
B102: 15-30 | C102: =COUNTIFS(F7,">15",F7,"<=30") -> 0 | E102: =IF(C102=0,0,IF(COUNTIF(I101:I108,">0")>2,1,0)) -> 0 | H102: 2推 | I102: =F9-F11 -> 1
B103: 30以上 | C103: =COUNTIFS(F7,">30") -> 0 | E103: =IF(C103=0,0,IF(COUNTIF(I101:I108,">0")>2,1,0)) -> 0 | H103: 3推 | I103: =F11-F13 -> 0
H104: 4推 | I104: =F13-F15 -> 0
H105: 5推 | I105: =F14-F16 -> 0
H106: 6推 | I106: =F16-F18 -> 0
H107: 7推 | I107: =F19-F21 -> 0
H108: 8推 | I108: =F21-0 -> 0
D116: 球杆
A117: 救球 | B117: 切杆距离 | C117: {=INDIRECT("C"&(1+C84*6))} -> 11 | D117: {=IFERROR(INDIRECT("C"&(C84*6)),0)} -> 56度 | E117: 是否救球 | F117: 剩余距离 | G117: 是否沙坑 | H117: 剩余距离 | I117: 救球条件 | J117: 1有切杆
B118: 0-10 | C118: =COUNTIFS(C117,">0",C117,"<=10") -> 0 | D118: {=IFERROR(IF(INDIRECT("C"&(C84*6))="52度",C118,0) + IF(INDIRECT("C"&(C84*6))="56度",C118,0),0)} -> 0 | E118: =IF(AND(C82=TRUE, C87=FALSE),D118,0) -> 0 | F118: =IF(D118=0,0,F7) -> 0 | G118: {=IFERROR(IF(AND(INDIRECT("C"&(C84*6))="52度",INDIRECT("C"&(C84*6+3))="沙坑"),C118,0) + IF(AND(INDIRECT("C"&(C84*6))="56度",INDIRECT("C"&(C84*6+3))="沙坑"),C118,0),0)} -> 0 | H118: =IF(G118=0,0,F7) -> 0 | J118: 2par
B119: 10-20 | C119: =COUNTIFS(C117,">10",C117,"<=20") -> 1 | D119: {=IFERROR(IF(INDIRECT("C"&(C84*6))="52度",C119,0) + IF(INDIRECT("C"&(C84*6))="56度",C119,0),0)} -> 1 | E119: =IF(AND(C82=TRUE, C87=FALSE),D119,0) -> 0 | F119: =IF(D119=0,0,F7) -> 15 | G119: {=IFERROR(IF(AND(INDIRECT("C"&(C84*6))="52度",INDIRECT("C"&(C84*6+3))="沙坑"),C119,0) + IF(AND(INDIRECT("C"&(C84*6))="56度",INDIRECT("C"&(C84*6+3))="沙坑"),C119,0),)} -> 0 | H119: =IF(G119=0,0,F7) -> 0 | J119: 3不标on
B120: 20-30 | C120: =COUNTIFS(C117,">20",C117,"<=30") -> 0 | D120: {=IFERROR(IF(INDIRECT("C"&(C84*6))="52度",C120,0) + IF(INDIRECT("C"&(C84*6))="56度",C120,0),0)} -> 0 | E120: =IF(AND(C82=TRUE, C87=FALSE),D120,0) -> 0 | F120: =IF(D120=0,0,F7) -> 0 | G120: {=IFERROR(IF(AND(INDIRECT("C"&(C84*6))="52度",INDIRECT("C"&(C84*6+3))="沙坑"),C120,0) + IF(AND(INDIRECT("C"&(C84*6))="56度",INDIRECT("C"&(C84*6+3))="沙坑"),C120,0),0)} -> 0 | H120: =IF(G120=0,0,F7) -> 0 | J120: 最后切杆距离
B121: 30-40 | C121: =COUNTIFS(C117,">30",C117,"<=40") -> 0 | D121: {=IFERROR(IF(INDIRECT("C"&(C84*6))="52度",C121,0) + IF(INDIRECT("C"&(C84*6))="56度",C121,0),)} -> 0 | E121: =IF(AND(C82=TRUE, C87=FALSE),D121,0) -> 0 | F121: =IF(D121=0,0,F7) -> 0 | G121: {=IFERROR(IF(AND(INDIRECT("C"&(C84*6))="52度",INDIRECT("C"&(C84*6+3))="沙坑"),C121,0) + IF(AND(INDIRECT("C"&(C84*6))="56度",INDIRECT("C"&(C84*6+3))="沙坑"),C121,0),0)} -> 0 | H121: =IF(G121=0,0,F7) -> 0
B122: 40-50 | C122: =COUNTIFS(C117,">40",C117,"<=50") -> 0 | D122: {=IFERROR(IF(INDIRECT("C"&(C84*6))="52度",C122,0) + IF(INDIRECT("C"&(C84*6))="56度",C122,0),0)} -> 0 | E122: =IF(AND(C82=TRUE, C87=FALSE),D122,0) -> 0 | F122: =IF(D122=0,0,F7) -> 0 | G122: {=IFERROR(IF(AND(INDIRECT("C"&(C84*6))="52度",INDIRECT("C"&(C84*6+3))="沙坑"),C122,0) + IF(AND(INDIRECT("C"&(C84*6))="56度",INDIRECT("C"&(C84*6+3))="沙坑"),C122,0),0)} -> 0 | H122: =IF(G122=0,0,F7) -> 0
H123: 距离 | I123: 是否直攻 | J123: 球杆 | K123: 是否上果岭 | L123: 铁杆距离 | M123: 距洞口距离
A124: 铁杆 | B124: 直攻 | C124: 总数 | D124: 是否上果岭 | E124: 准确度(ft） | G124: 第一攻 | H124: {=IFERROR(INDIRECT("C"&I124) -IF(INDIRECT("C"&(I124+6))=0,ROUND(F7/3,0),INDIRECT("C"&(I124+6))),"")} -> 172 | I124: {=IFERROR(_xlfn._xlws.FILTER(ROW(C6:C65),C6:C65="直攻","")-3,)} -> 13 | J124: {=IFERROR(INDIRECT("C"&I124-1),"")} -> 球道木 | K124: {=IF(INDIRECT("C"&I124+6)>0,FALSE,TRUE)} -> FALSE | L124: =IF(OR(J124="52度",J124="56度"),"",H124) -> 172 | M124: =VLOOKUP(TRUE,K124:L128,2,0)
B125: 50-75 | C125: =COUNTIFS(L124:L128,">50",L124:L128,"<=75") -> 0 | D125: =COUNTIFS(M124,">50",M124,"<=75") -> 0 | E125: =IF(D125=0,0,F7) -> 0 | G125: 第二攻 | H125: {=IFERROR(INDIRECT("C"&I125)-IF(INDIRECT("C"&(I125+6))=0,ROUND(F7/3,0),INDIRECT("C"&(I125+6))),"")} -> 6 | I125: 19 | J125: {=IFERROR(INDIRECT("C"&I125-1),"")} -> 56度 | K125: {=IF(INDIRECT("C"&I125+6)>0,FALSE,TRUE)} -> TRUE | L125: =IF(OR(J125="52度",J125="56度"),"",H125)
...

Sheet 18号洞
B2: 标准杆 | C2: 5 | D2: 杆
B3: 成绩 | C3: 6 | D3: 杆
B5: 挥杆&切杆 | E5: 推杆
B6: 第一杆 | C6: 1号木 | E6: 第一推
B7: 距离： | C7: 550 | D7: yd | E7: 距离： | F7: 18 | G7: ft
B8: 方向： | C8: 直球 | E8: 第二推
B9: 球位 | C9: 球道 | E9: 距离： | F9: 4 | G9: ft
B10: 是否直攻 | C10: 过渡 | E10: 第三推
B11: 罚杆 | C11: 0 | D11: 杆 | E11: 距离： | G11: ft
B12: 第二杆 | C12: 球道木 | E12: 第四推
B13: 距离： | C13: 360 | D13: yd | E13: 距离： | G13: ft
B14: 方向： | C14: 直球 | E14: 第五推
B15: 球位 | C15: 球道 | E15: 距离： | G15: ft
B16: 是否直攻 | C16: 过渡 | E16: 第六推
B17: 罚杆 | C17: 0 | D17: 杆 | E17: 距离： | G17: ft
B18: 第三杆 | C18: 球道木 | E18: 第七推
B19: 距离： | C19: 200 | D19: yd | E19: 距离： | G19: ft
B20: 方向： | C20: 直球 | E20: 第8推
B21: 球位 | C21: 球道 | E21: 距离： | G21: ft
B22: 是否直攻 | C22: 过渡
B23: 罚杆 | C23: 0 | D23: 杆 | E23: 额外罚杆 | G23: 杆
B24: 第四杆 | C24: P杆
B25: 距离： | C25: 72 | D25: yd
B26: 方向： | C26: 直球
B27: 球位 | C27: 球道
B28: 是否直攻 | C28: 直攻
B29: 罚杆 | C29: 0 | D29: 杆
B30: 第五杆
B31: 距离： | D31: yd
B32: 方向：
B33: 球位
B34: 是否直攻
B35: 罚杆 | D35: 杆
B36: 第六杆
B37: 距离： | D37: yd
B38: 方向：
B39: 球位
B40: 是否直攻
B41: 罚杆 | D41: 杆
B42: 第七杆
B43: 距离： | D43: yd
B44: 方向：
B45: 球位
B46: 是否直攻
B47: 罚杆 | D47: 杆
B48: 第八杆
B49: 距离： | D49: yd
B50: 方向：
B51: 球位
B52: 是否直攻
B53: 罚杆 | D53: 杆
B54: 第九杆
B55: 距离： | D55: yd
B56: 方向：
B57: 球位
B58: 是否直攻
B59: 罚杆 | D59: 杆
B60: 第十杆
B61: 距离： | D61: yd
B62: 方向：
B63: 球位
B64: 是否直攻
B65: 罚杆 | D65: 杆
D80: 成绩核对
B81: 总成绩 | C81: =C83+C86+C84 -> 6 | D81: =IF(C81-C3=0,TRUE,FALSE) -> TRUE
B82: PAR or less | C82: =(C81-C2)<=0 -> FALSE
B83: 总罚杆 | C83: =SUM(C11,C17,C23,C29,C35,C41,C47,C53,C59,C65,F23) -> 0
B84: 总挥切杆 | C84: =COUNT(C7,C13,C19,C25,C31,C37,C43,C49,C55,C61) -> 4
B85: 总切杆 | C85: =COUNTIF(C6:D65,"52度")+COUNTIF(C6:D65,"56度") -> 0
B86: 总推杆 | C86: =COUNT(F6:F21) -> 2 | E86: 一推 | F86: =IF(C86=1,1,0) -> 0 | G86: 三推 | H86: =IF(C86>2,1,0) -> 0
B87: 标On | C87: =C2-C84-C83>=2 -> FALSE | E87: 标On推杆 | F87: =IF(C87,C86,0) -> 0
B88: 一切一推 | C88: =C85*C86=1 -> FALSE | F88: 1号木标志 | H88: 长草 | I88: 沙坑 | J88: 直球 | K88: 偏左 | L88: 偏右
B89: 开球距离 | C89: =IF(C84>1,C7-C13,ROUND(C7-F7/3,0)) -> 190 | E89: =IF(C6="1号木",C89,0) -> 190 | F89: =IF(C6="1号木",1,0) -> 1 | H89: =IF(C9="长草",TRUE,FALSE) -> FALSE | I89: =IF(C9="沙坑",TRUE,FALSE) -> FALSE | J89: =IF(C8="直球",TRUE,FALSE) -> TRUE | K89: =IF(C8="偏左",TRUE,FALSE) -> FALSE | L89: =IF(C8="偏右",TRUE,FALSE) -> FALSE
B90: 上球道 | C90: =IF(C9="球道",TRUE,FALSE) -> TRUE | E90: =IF(C6="1号木",C90,0) -> TRUE | F90: =IF(C6="1号木",1,0) -> 1 | H90: =IF(F90=1,H89+0,0) -> 0 | I90: =IF(F90=1,I89+0,0) -> 0 | J90: =IF(F90=1,J89+0,0) -> 1 | K90: =IF(F90=1,K89+0,0) -> 0 | L90: =IF(F90=1,L89+0,0) -> 0
D92: 是否推进
A93: 推杆 | B93: 0-3 | C93: =COUNTIFS(I101:I108,">0",I101:I108,"<=3") -> 0 | D93: =COUNTIF(C98,"<=3") -> 0
B94: 3-9 | C94: =COUNTIFS(I101:I108,">3",I101:I108,"<=9") -> 1 | D94: =COUNTIFS(C98,">3",C98,"<=9") -> 1
B95: 9-15 | C95: =COUNTIFS(I101:I108,">9",I101:I108,"<=15") -> 1 | D95: =COUNTIFS(C98,">9",C98,"<=15") -> 0
B96: 15-30 | C96: =COUNTIFS(I101:I108,">15",I101:I108,"<=30") -> 0 | D96: =COUNTIFS(C98,">15",C98,"<=30") -> 0
B97: 30以上 | C97: =COUNTIFS(I101:I108,">30") -> 0 | D97: =COUNTIF(C98,">30") -> 0
B98: 推杆距离 | C98: {=INDIRECT("F"&(5+C86*2))} -> 4
E100: 是否三推 | I100: 推杆距离
A101: 三推 | B101: 9-15 | C101: =COUNTIFS(F7,">9",F7,"<=15") -> 0 | E101: =IF(C101=0,0,IF(COUNTIF(I101:I108,">0")>2,1,0)) -> 0 | H101: 1推 | I101: =F7-F9 -> 14
B102: 15-30 | C102: =COUNTIFS(F7,">15",F7,"<=30") -> 1 | E102: =IF(C102=0,0,IF(COUNTIF(I101:I108,">0")>2,1,0)) -> 0 | H102: 2推 | I102: =F9-F11 -> 4
B103: 30以上 | C103: =COUNTIFS(F7,">30") -> 0 | E103: =IF(C103=0,0,IF(COUNTIF(I101:I108,">0")>2,1,0)) -> 0 | H103: 3推 | I103: =F11-F13 -> 0
H104: 4推 | I104: =F13-F15 -> 0
H105: 5推 | I105: =F14-F16 -> 0
H106: 6推 | I106: =F16-F18 -> 0
H107: 7推 | I107: =F19-F21 -> 0
H108: 8推 | I108: =F21-0 -> 0
D116: 球杆
A117: 救球 | B117: 切杆距离 | C117: {=INDIRECT("C"&(1+C84*6))} -> 72 | D117: {=IFERROR(INDIRECT("C"&(C84*6)),0)} -> P杆 | E117: 是否救球 | F117: 剩余距离 | G117: 是否沙坑 | H117: 剩余距离 | I117: 救球条件 | J117: 1有切杆
B118: 0-10 | C118: =COUNTIFS(C117,">0",C117,"<=10") -> 0 | D118: {=IFERROR(IF(INDIRECT("C"&(C84*6))="52度",C118,0) + IF(INDIRECT("C"&(C84*6))="56度",C118,0),0)} -> 0 | E118: =IF(AND(C82=TRUE, C87=FALSE),D118,0) -> 0 | F118: =IF(D118=0,0,F7) -> 0 | G118: {=IFERROR(IF(AND(INDIRECT("C"&(C84*6))="52度",INDIRECT("C"&(C84*6+3))="沙坑"),C118,0) + IF(AND(INDIRECT("C"&(C84*6))="56度",INDIRECT("C"&(C84*6+3))="沙坑"),C118,0),0)} -> 0 | H118: =IF(G118=0,0,F7) -> 0 | J118: 2par
B119: 10-20 | C119: =COUNTIFS(C117,">10",C117,"<=20") -> 0 | D119: {=IFERROR(IF(INDIRECT("C"&(C84*6))="52度",C119,0) + IF(INDIRECT("C"&(C84*6))="56度",C119,0),0)} -> 0 | E119: =IF(AND(C82=TRUE, C87=FALSE),D119,0) -> 0 | F119: =IF(D119=0,0,F7) -> 0 | G119: {=IFERROR(IF(AND(INDIRECT("C"&(C84*6))="52度",INDIRECT("C"&(C84*6+3))="沙坑"),C119,0) + IF(AND(INDIRECT("C"&(C84*6))="56度",INDIRECT("C"&(C84*6+3))="沙坑"),C119,0),)} -> 0 | H119: =IF(G119=0,0,F7) -> 0 | J119: 3不标on
B120: 20-30 | C120: =COUNTIFS(C117,">20",C117,"<=30") -> 0 | D120: {=IFERROR(IF(INDIRECT("C"&(C84*6))="52度",C120,0) + IF(INDIRECT("C"&(C84*6))="56度",C120,0),0)} -> 0 | E120: =IF(AND(C82=TRUE, C87=FALSE),D120,0) -> 0 | F120: =IF(D120=0,0,F7) -> 0 | G120: {=IFERROR(IF(AND(INDIRECT("C"&(C84*6))="52度",INDIRECT("C"&(C84*6+3))="沙坑"),C120,0) + IF(AND(INDIRECT("C"&(C84*6))="56度",INDIRECT("C"&(C84*6+3))="沙坑"),C120,0),0)} -> 0 | H120: =IF(G120=0,0,F7) -> 0 | J120: 最后切杆距离
B121: 30-40 | C121: =COUNTIFS(C117,">30",C117,"<=40") -> 0 | D121: {=IFERROR(IF(INDIRECT("C"&(C84*6))="52度",C121,0) + IF(INDIRECT("C"&(C84*6))="56度",C121,0),)} -> 0 | E121: =IF(AND(C82=TRUE, C87=FALSE),D121,0) -> 0 | F121: =IF(D121=0,0,F7) -> 0 | G121: {=IFERROR(IF(AND(INDIRECT("C"&(C84*6))="52度",INDIRECT("C"&(C84*6+3))="沙坑"),C121,0) + IF(AND(INDIRECT("C"&(C84*6))="56度",INDIRECT("C"&(C84*6+3))="沙坑"),C121,0),0)} -> 0 | H121: =IF(G121=0,0,F7) -> 0
B122: 40-50 | C122: =COUNTIFS(C117,">40",C117,"<=50") -> 0 | D122: {=IFERROR(IF(INDIRECT("C"&(C84*6))="52度",C122,0) + IF(INDIRECT("C"&(C84*6))="56度",C122,0),0)} -> 0 | E122: =IF(AND(C82=TRUE, C87=FALSE),D122,0) -> 0 | F122: =IF(D122=0,0,F7) -> 0 | G122: {=IFERROR(IF(AND(INDIRECT("C"&(C84*6))="52度",INDIRECT("C"&(C84*6+3))="沙坑"),C122,0) + IF(AND(INDIRECT("C"&(C84*6))="56度",INDIRECT("C"&(C84*6+3))="沙坑"),C122,0),0)} -> 0 | H122: =IF(G122=0,0,F7) -> 0
H123: 距离 | I123: 是否直攻 | J123: 球杆 | K123: 是否上果岭 | L123: 铁杆距离 | M123: 距洞口距离
A124: 铁杆 | B124: 直攻 | C124: 总数 | D124: 是否上果岭 | E124: 准确度(ft） | G124: 第一攻 | H124: {=IFERROR(INDIRECT("C"&I124) -IF(INDIRECT("C"&(I124+6))=0,ROUND(F7/3,0),INDIRECT("C"&(I124+6))),"")} -> 66 | I124: {=IFERROR(_xlfn._xlws.FILTER(ROW(C6:C65),C6:C65="直攻","")-3,)} -> 25 | J124: {=IFERROR(INDIRECT("C"&I124-1),"")} -> P杆 | K124: {=IF(INDIRECT("C"&I124+6)>0,FALSE,TRUE)} -> TRUE | L124: =IF(OR(J124="52度",J124="56度"),"",H124) -> 66 | M124: =VLOOKUP(TRUE,K124:L128,2,0) -> 66
B125: 50-75 | C125: =COUNTIFS(L124:L128,">50",L124:L128,"<=75") -> 1 | D125: =COUNTIFS(M124,">50",M124,"<=75") -> 1 | E125: =IF(D125=0,0,F7) -> 18 | G125: 第二攻 | H125: {=IFERROR(INDIRECT("C"&I125)-IF(INDIRECT("C"&(I125+6))=0,ROUND(F7/3,0),INDIRECT("C"&(I125+6))),"")} | J125: {=IFERROR(INDIRECT("C"&I125-1),"")} | K125: {=IF(INDIRECT("C"&I125+6)>0,FALSE,TRUE)} -> FALSE | L125: =IF(OR(J125="52度",J125="56度"),"",H125)
...

Sheet Sheet1
B6: 一推 | C6: 0-3
C7: 3-9
C8: 9-15
C9: 15-30
C10: 30以上
A11: 都是直攻 | B11: 三推 | C11: 9-15
C12: 15-30
C13: 30以上
B14: 救球 | C14: 1有切杆
C15: 2par
C16: 3不标on
C17: 最后切杆距离
B18: 上果岭 | C18: 50-75
C19: 75-100
C20: 100-125
C21: 125-150
C22: 150-200
C23: 200以上
